Project	项目	Projekt	Projet	Proyecto	Progetto	プロジェクト	프로젝트
Save Project	保存项目	Projekt speichern	Enregistrer le projet	Guardar proyecto	Salva progetto	プロジェクトを保存	프로젝트 저장
Duplicate Version	复制版本	Version duplizieren	Dupliquer la version	Duplicar versión	Duplica versione	バージョンを複製	버전 복제
Load Project	载入项目	Projekt laden	Charger un projet	Cargar proyecto	Carica progetto	プロジェクトを読み込む	프로젝트 불러오기
Export Project JSON	导出项目 JSON	Projekt als JSON exportieren	Exporter le projet JSON	Exportar proyecto JSON	Esporta progetto JSON	JSONで書き出す	프로젝트 JSON 내보내기
Import Project JSON	导入项目 JSON	Projekt-JSON importieren	Importer un projet JSON	Importar proyecto JSON	Importa progetto JSON	JSONを読み込む	프로젝트 JSON 가져오기
New Project	新建项目	Neues Projekt	Nouveau projet	Nuevo proyecto	Nuovo progetto	新規プロジェクト	새 프로젝트
Undo	撤销	Rückgängig	Annuler	Deshacer	Annulla	元に戻す	실행 취소
Redo	重做	Wiederholen	Rétablir	Rehacer	Ripeti	やり直す	다시 실행
Product	产品	Produkt	Produit	Producto	Prodotto	製品	제품
Quantity	数量	Menge	Quantité	Cantidad	Quantità	数量	수량
Target market	目标市场	Zielmarkt	Marché cible	Mercado objetivo	Mercato di destinazione	対象市場	목표 시장
Product category	产品类别	Produktkategorie	Catégorie de produit	Categoría del producto	Categoria prodotto	製品カテゴリ	제품 분류
Product weight (kg)	产品重量（kg）	Produktgewicht (kg)	Poids du produit (kg)	Peso del producto (kg)	Peso del prodotto (kg)	製品重量（kg）	제품 무게 (kg)
Tell us about your product	填写产品信息	Beschreiben Sie Ihr Produkt	Présentez votre produit	Cuéntenos sobre su producto	Descrivi il tuo prodotto	製品について教えてください	제품 정보를 알려주세요
Choose your primary goal	选择主要目标	Hauptziel wählen	Choisir votre objectif principal	Elija su objetivo principal	Scegli il tuo obiettivo principale	主な目的を選択	주요 목표 선택
Choose this solution	选择此方案	Diese Lösung wählen	Choisir cette solution	Elegir esta solución	Scegli questa soluzione	この提案を選ぶ	이 솔루션 선택
Box structure	盒型结构	Schachtelkonstruktion	Structure de boîte	Estructura de caja	Struttura della scatola	箱の構造	상자 구조
Internal	内部	Innen	Intérieur	Interior	Interno	内寸	내부
Material direction	材料方向	Materialauswahl	Choix de matériau	Selección de material	Scelta del materiale	素材の方向性	소재 방향
Board/material	纸板／材料	Karton / Material	Carton / matériau	Cartón / material	Cartone / materiale	板紙／素材	판지 / 소재
Wrapping paper	裱纸	Bezugspapier	Papier de couverture	Papel de revestimiento	Carta di rivestimento	貼り紙	싸개지
Printing	印刷	Druck	Impression	Impresión	Stampa	印刷	인쇄
Colours	颜色数量	Farben	Couleurs	Colores	Colori	色数	색상 수
Insert	内托	Einlage	Calage	Inserto	Inserto	インサート	내부 트레이
Back	返回	Zurück	Retour	Volver	Indietro	戻る	뒤로
Project Summary	项目汇总	Projektübersicht	Résumé du projet	Resumen del proyecto	Riepilogo progetto	プロジェクト概要	프로젝트 요약
Download Packaging Brief	下载包装需求书	Verpackungsbrief herunterladen	Télécharger le cahier des charges	Descargar especificaciones	Scarica le specifiche	包装仕様書をダウンロード	포장 사양서 다운로드
Send Packaging Brief to MTT	向 MTT 提交包装需求	Brief an MTT senden	Envoyer les spécifications à MTT	Enviar especificaciones a MTT	Invia le specifiche a MTT	MTTへ仕様を送信	MTT에 포장 사양 보내기
Return to Project	返回项目	Zum Projekt zurück	Retour au projet	Volver al proyecto	Torna al progetto	プロジェクトに戻る	프로젝트로 돌아가기
Privacy Policy	隐私政策	Datenschutz	Confidentialité	Privacidad	Privacy	プライバシーポリシー	개인정보 처리방침
Text content	文字内容	Textinhalt	Contenu du texte	Contenido del texto	Contenuto del testo	テキスト内容	텍스트 내용
Choose a layout	选择排版	Layout wählen	Choisir une disposition	Elegir disposición	Scegli una disposizione	レイアウトを選択	레이아웃 선택
Use this image as	图片用途	Bild verwenden als	Utiliser cette image comme	Usar esta imagen como	Usa questa immagine come	画像の用途	이미지 용도
Logo / brand mark	标志／品牌图标	Logo / Markenzeichen	Logo / marque	Logotipo / marca	Logo / marchio	ロゴ／ブランドマーク	로고 / 브랜드 마크
Product photo / full image	产品照片／完整图片	Produktfoto / ganzes Bild	Photo produit / image entière	Foto de producto / imagen completa	Foto prodotto / immagine intera	製品写真／画像全体	제품 사진 / 전체 이미지
Background / pattern	背景／纹样	Hintergrund / Muster	Fond / motif	Fondo / patrón	Sfondo / motivo	背景／パターン	배경 / 패턴
Box face	盒子表面	Schachtelfläche	Face de la boîte	Cara de la caja	Faccia della scatola	箱の面	상자 면
Fit logo	完整适配标志	Logo einpassen	Ajuster le logo	Ajustar logotipo	Adatta logo	ロゴを収める	로고 맞춤
Fill face	铺满表面	Fläche füllen	Remplir la face	Rellenar cara	Riempi faccia	面を埋める	면 채우기
Center	居中	Zentrieren	Centrer	Centrar	Centra	中央揃え	가운데 정렬
Image fit	图片适配	Bildanpassung	Ajustement de l’image	Ajuste de imagen	Adattamento immagine	画像の合わせ方	이미지 맞춤
Fit entire image (no crop)	完整显示（不裁剪）	Ganzes Bild (ohne Zuschnitt)	Image entière (sans recadrage)	Imagen completa (sin recorte)	Immagine intera (senza ritaglio)	画像全体（切り抜きなし）	전체 이미지 (자르기 없음)
Fill area (crop edges)	填满区域（裁剪边缘）	Bereich füllen (Ränder zuschneiden)	Remplir (recadrer les bords)	Rellenar (recortar bordes)	Riempi (ritaglia bordi)	領域を埋める（端を切り抜く）	영역 채우기 (가장자리 자르기)
Text color	文字颜色	Textfarbe	Couleur du texte	Color del texto	Colore del testo	文字色	텍스트 색상
Print	普通印刷	Druck	Impression	Impresión	Stampa	通常印刷	일반 인쇄
Gold foil	金色烫印	Goldfolie	Dorure or	Estampado dorado	Lamina oro	金箔押し	금박
Silver foil	银色烫印	Silberfolie	Dorure argent	Estampado plateado	Lamina argento	銀箔押し	은박
Spot UV	局部 UV	Partieller UV-Lack	Vernis UV sélectif	Barniz UV selectivo	Vernice UV selettiva	スポットUV	부분 UV
Emboss (visual only)	击凸（仅视觉示意）	Prägung (nur Ansicht)	Gaufrage (aperçu uniquement)	Relieve (solo visual)	Rilievo (solo anteprima)	エンボス（イメージのみ）	엠보싱 (시각 효과만)
Reset position	重置位置	Position zurücksetzen	Réinitialiser la position	Restablecer posición	Ripristina posizione	位置をリセット	위치 초기화
Horizontal position	水平位置	Horizontale Position	Position horizontale	Posición horizontal	Posizione orizzontale	水平位置	가로 위치
Vertical position	垂直位置	Vertikale Position	Position verticale	Posición vertical	Posizione verticale	垂直位置	세로 위치
Bring to front	置于顶层	In den Vordergrund	Mettre au premier plan	Traer al frente	Porta in primo piano	最前面へ	맨 앞으로
Size	大小	Größe	Taille	Tamaño	Dimensione	サイズ	크기
Delete selected layer	删除所选图层	Ebene löschen	Supprimer le calque	Eliminar capa	Elimina livello	選択レイヤーを削除	선택 레이어 삭제
Structure preview	结构预览	Strukturvorschau	Aperçu de structure	Vista de estructura	Anteprima struttura	構造プレビュー	구조 미리보기
Updates with your dimensions	随尺寸自动更新	Aktualisiert sich mit den Maßen	Actualisé selon vos dimensions	Se actualiza con sus medidas	Si aggiorna con le dimensioni	寸法に合わせて更新	치수에 따라 업데이트
Flat layout	展开图	Flachansicht	Vue à plat	Vista desplegada	Vista piana	展開図	전개도
Folding preview	折叠演示	Faltvorschau	Aperçu du pliage	Vista de plegado	Anteprima piegatura	折り畳みプレビュー	접기 미리보기
Finished 3D	成品 3D	Fertige 3D-Ansicht	Vue 3D finale	Vista 3D final	Vista 3D finale	完成3D	완성 3D
Materials	材料	Materialien	Matériaux	Materiales	Materiali	素材	소재
Download dimensioned SVG	下载标注尺寸 SVG	SVG mit Maßen herunterladen	Télécharger le SVG coté	Descargar SVG acotado	Scarica SVG quotato	寸法入りSVGをダウンロード	치수 SVG 다운로드
Your packaging set	您的整套包装	Ihr Verpackungsset	Votre ensemble d’emballage	Su conjunto de embalaje	Il tuo set di packaging	包装セット	포장 세트
Main packaging	主包装	Hauptverpackung	Emballage principal	Embalaje principal	Imballaggio principale	主包装	주 포장
Complete your packaging set	完善配套包装	Verpackungsset ergänzen	Compléter votre ensemble	Complete su conjunto	Completa il tuo set	包装セットを揃える	포장 세트 완성
Pieces per set	每套数量	Stück pro Set	Pièces par ensemble	Piezas por conjunto	Pezzi per set	セットあたりの数量	세트당 수량
Size checks & quotation notes	尺寸检查与报价说明	Maßprüfung und Angebotshinweise	Vérifications et devis	Comprobaciones y presupuesto	Verifiche e preventivo	寸法確認と見積注記	치수 확인 및 견적 안내
Find your packaging structure	选择包装结构	Verpackungsstruktur finden	Choisir votre structure	Elija la estructura	Trova la struttura	包装構造を選ぶ	포장 구조 선택
Choose	选择	Wählen	Choisir	Elegir	Scegli	選択	선택
Choose box	选择盒型	Schachtel wählen	Choisir une boîte	Elegir caja	Scegli scatola	箱を選ぶ	상자 선택
Design & finishes	设计与工艺	Design und Veredelung	Design et finitions	Diseño y acabados	Design e finiture	デザインと加工	디자인 및 가공
Product details	产品信息	Produktdetails	Détails du produit	Datos del producto	Dettagli prodotto	製品情報	제품 정보
Review & Send	审核并提交	Prüfen und senden	Vérifier et envoyer	Revisar y enviar	Verifica e invia	確認して送信	검토 및 전송
Continue to Product Details	继续填写产品信息	Weiter zu Produktdetails	Continuer vers le produit	Continuar a datos del producto	Continua ai dettagli	製品情報へ進む	제품 정보로 계속
Custom paper bag	定制纸袋	Individuelle Papiertüte	Sac papier personnalisé	Bolsa de papel personalizada	Borsa di carta personalizzata	オーダー紙袋	맞춤 종이 가방
Ribbon / bow	丝带／蝴蝶结	Band / Schleife	Ruban / nœud	Cinta / lazo	Nastro / fiocco	リボン／蝶結び	리본 / 매듭
Thank-you / instruction card	感谢卡／说明卡	Dankes- / Anleitungskarte	Carte de remerciement / notice	Tarjeta de agradecimiento / instrucciones	Biglietto / istruzioni	サンクスカード／説明書	감사 / 안내 카드
Hang tag	吊牌	Anhänger	Étiquette suspendue	Etiqueta colgante	Cartellino	下げ札	행택
Sticker / seal	贴纸／封口贴	Aufkleber / Siegel	Autocollant / scellé	Pegatina / sello	Adesivo / sigillo	ステッカー／封印	스티커 / 봉인
Tissue paper	薄页纸	Seidenpapier	Papier de soie	Papel de seda	Carta velina	薄葉紙	티슈 페이퍼
Shipping carton / cushioning	运输外箱／缓冲材料	Versandkarton / Polsterung	Carton d’expédition / calage	Caja de envío / protección	Cartone di spedizione / protezione	輸送箱／緩衝材	배송 상자 / 완충재
MTT Gift Box Solution Builder	MTT 礼盒方案设计工具	MTT Geschenkbox-Planer	Configurateur de coffrets MTT	Diseñador de cajas MTT	Configuratore di confezioni MTT	MTT ギフトボックス設計ツール	MTT 선물 상자 설계 도구
Preliminary packaging direction · Engineering review required	初步包装方案 · 需工程审核	Vorläufiges Konzept · Technische Prüfung erforderlich	Concept préliminaire · Validation technique requise	Concepto preliminar · Requiere revisión técnica	Proposta preliminare · Richiesta verifica tecnica	初期包装案・技術確認が必要	초기 포장 제안 · 기술 검토 필요
Choose a box, add your design and finishes, then complete your product details to request a quote.	选择盒型、添加设计和工艺，再填写产品信息申请报价。	Wählen Sie eine Schachtel, ergänzen Sie Design und Veredelung und geben Sie die Produktdaten für ein Angebot an.	Choisissez une boîte, ajoutez votre design et les finitions, puis les détails du produit pour demander un devis.	Elija una caja, añada diseño y acabados y complete los datos para solicitar presupuesto.	Scegli la scatola, aggiungi design e finiture e completa i dati per richiedere un preventivo.	箱とデザイン・加工を選び、製品情報を入力して見積を依頼します。	상자와 디자인, 가공을 선택하고 제품 정보를 입력해 견적을 요청하세요.
Not sure which box? Help me choose	不知道选哪种？帮我推荐	Unsicher? Auswahlhilfe	Besoin d’aide pour choisir ?	¿No sabe cuál elegir? Ayúdeme	Non sai quale scegliere? Ti aiutiamo	箱選びを相談する	어떤 상자가 좋을까요? 추천받기
Need help choosing? Get recommendations	需要建议？获取推荐方案	Empfehlungen erhalten	Obtenir des recommandations	Obtener recomendaciones	Ottieni suggerimenti	おすすめを見る	추천 보기
Reference images do not determine dimensions or engineering suitability.	参考图不能用于确定尺寸或工程适用性。	Referenzbilder bestimmen weder Maße noch technische Eignung.	Les images ne déterminent ni les dimensions ni l’adéquation technique.	Las imágenes no determinan las medidas ni la idoneidad técnica.	Le immagini non determinano dimensioni o idoneità tecnica.	参考画像だけでは寸法や構造の適合性は判断できません。	참고 이미지로 치수나 기술적 적합성을 판단할 수 없습니다.
Fragile product — review insert protection	易碎产品——需评估内托保护	Zerbrechlich — Einlagenschutz prüfen	Produit fragile — vérifier le calage	Producto frágil — revisar protección	Prodotto fragile — verificare la protezione	割れ物・インサート保護を確認	파손 위험 제품 — 내부 보호 검토
Enter a product name, valid dimensions and a whole quantity to continue.	请输入产品名称、有效尺寸和整数数量。	Produktname, gültige Maße und ganzzahlige Menge eingeben.	Indiquez le produit, des dimensions valides et une quantité entière.	Introduzca nombre, medidas válidas y cantidad entera.	Inserisci nome, dimensioni valide e quantità intera.	製品名、有効な寸法、整数の数量を入力してください。	제품명, 유효한 치수와 정수 수량을 입력하세요.
Materials & finishes — optional customization	材料与工艺——可选定制	Material und Veredelung — optional	Matériaux et finitions — personnalisation	Materiales y acabados — personalización	Materiali e finiture — personalizzazione	素材と加工・オプション	소재 및 가공 — 선택 사항
Offset — plate-based printing	胶印——需制版	Offsetdruck — mit Druckplatten	Offset — avec plaques	Offset — con planchas	Offset — con lastre	オフセット印刷・刷版使用	오프셋 — 인쇄판 사용
Digital printing	数码印刷	Digitaldruck	Impression numérique	Impresión digital	Stampa digitale	デジタル印刷	디지털 인쇄
Flexographic printing	柔版印刷	Flexodruck	Flexographie	Flexografía	Flessografia	フレキソ印刷	플렉소 인쇄
Internal box dimensions (mm)	盒内尺寸（mm）	Innenmaße der Schachtel (mm)	Dimensions intérieures (mm)	Medidas interiores (mm)	Dimensioni interne (mm)	箱の内寸（mm）	상자 내측 치수 (mm)
Artwork or Packaging Brief link (optional)	设计稿或包装需求书链接（选填）	Link zu Druckdaten oder Brief (optional)	Lien vers fichiers ou cahier des charges (facultatif)	Enlace al diseño o especificaciones (opcional)	Link a grafica o specifiche (facoltativo)	デザイン・仕様書リンク（任意）	디자인 또는 사양서 링크 (선택)
Additional Message (optional)	补充说明（选填）	Zusätzliche Nachricht (optional)	Message complémentaire (facultatif)	Mensaje adicional (opcional)	Messaggio aggiuntivo (facoltativo)	補足メッセージ（任意）	추가 메시지 (선택)
Use a link that MTT can view, such as your shared design folder. Do not include passwords.	请提供 MTT 可访问的文件链接，不要填写密码。	Nutzen Sie einen für MTT zugänglichen Link. Keine Passwörter angeben.	Utilisez un lien accessible à MTT, sans mot de passe dans ce champ.	Use un enlace accesible para MTT. No incluya contraseñas.	Usa un link accessibile a MTT. Non inserire password.	MTTが閲覧できるリンクを使用し、パスワードは入力しないでください。	MTT가 볼 수 있는 링크를 사용하세요. 비밀번호를 입력하지 마세요.
By sending, you ask MTT to contact you about this project. See our	提交即表示您希望 MTT 就本项目联系您。请查看	Mit dem Senden bitten Sie MTT um Kontakt zu diesem Projekt. Siehe	En envoyant, vous demandez à MTT de vous contacter pour ce projet. Consultez	Al enviar, solicita que MTT le contacte sobre este proyecto. Consulte	Inviando chiedi a MTT di contattarti sul progetto. Consulta	送信すると、本件についてMTTからの連絡を希望したものとします。参照：	전송하면 본 프로젝트에 대한 MTT의 연락을 요청하게 됩니다. 확인:
WhatsApp opens a draft. You still need to press Send in WhatsApp.	WhatsApp 只打开草稿，仍需您点击发送。	WhatsApp öffnet einen Entwurf. Sie müssen dort noch senden.	WhatsApp ouvre un brouillon : vous devez encore l’envoyer.	WhatsApp abre un borrador. Debe pulsar Enviar allí.	WhatsApp apre una bozza. Devi ancora premere Invia.	WhatsAppで下書きが開きます。送信操作は別途必要です。	WhatsApp 초안이 열립니다. 직접 전송을 눌러야 합니다.
Discuss This Project on WhatsApp	通过 WhatsApp 沟通项目	Projekt auf WhatsApp besprechen	Discuter du projet sur WhatsApp	Consultar por WhatsApp	Parla del progetto su WhatsApp	WhatsAppで相談	WhatsApp으로 상담
Project checks ·	项目检查 ·	Projektprüfung ·	Vérifications ·	Comprobaciones ·	Verifiche ·	プロジェクト確認 ·	프로젝트 확인 ·
Local checks passed. Engineering review still required.	本地检查通过，仍需工程审核。	Lokale Prüfungen bestanden. Technische Prüfung weiterhin nötig.	Vérifications locales réussies. Validation technique encore nécessaire.	Comprobaciones locales superadas. Revisión técnica pendiente.	Verifiche locali superate. Resta necessaria la verifica tecnica.	ローカル確認を通過しました。技術確認は別途必要です。	로컬 확인을 통과했습니다. 기술 검토는 여전히 필요합니다.
Discard unsupported file record	清除不支持的文件记录	Nicht unterstützten Dateieintrag löschen	Effacer le fichier non pris en charge	Borrar registro de archivo no compatible	Elimina record del file non supportato	未対応ファイルの記録を削除	지원하지 않는 파일 기록 삭제
Project check thresholds — not factory standards	检查阈值——非通用工厂标准	Prüfschwellen — keine Werksnormen	Seuils de contrôle — pas des normes d’usine	Umbrales — no son normas de fábrica	Soglie — non sono standard di fabbrica	確認しきい値・工場標準ではありません	확인 기준값 — 공장 표준 아님
units	件	Stück	unités	unidades	unità	個	개
· Engineering review required	· 需工程审核	· Technische Prüfung erforderlich	· Validation technique requise	· Revisión técnica necesaria	· Verifica tecnica necessaria	・技術確認が必要	· 기술 검토 필요
Project ID:	项目编号：	Projekt-ID:	ID du projet :	ID del proyecto:	ID progetto:	プロジェクトID：	프로젝트 ID:
Formal quote after specification review	规格审核后提供正式报价	Verbindliches Angebot nach Spezifikationsprüfung	Devis formel après validation des spécifications	Presupuesto formal tras revisar especificaciones	Preventivo formale dopo verifica specifiche	仕様確認後に正式見積	사양 검토 후 정식 견적
Place your design on the box	把设计放到盒子上	Design auf der Schachtel platzieren	Placez votre design sur la boîte	Coloque su diseño en la caja	Posiziona il design sulla scatola	箱にデザインを配置	상자에 디자인 배치
＋ Add text	＋ 添加文字	＋ Text hinzufügen	＋ Ajouter du texte	＋ Añadir texto	＋ Aggiungi testo	＋ テキスト追加	＋ 텍스트 추가
Replace image (keep position)	替换图片（保留位置）	Bild ersetzen (Position behalten)	Remplacer l’image (garder la position)	Cambiar imagen (mantener posición)	Sostituisci immagine (mantieni posizione)	画像を差し替え（位置を維持）	이미지 교체 (위치 유지)
Full artwork is not supported on this face. Choose the front or a side.	此面暂不支持完整贴图，请选择正面或侧面。	Diese Fläche unterstützt kein vollständiges Motiv. Vorder- oder Seitenfläche wählen.	Cette face ne prend pas en charge le visuel complet. Choisissez la face avant ou un côté.	Esta cara no admite el diseño completo. Elija el frente o un lateral.	Questa faccia non supporta la grafica completa. Scegli il fronte o un lato.	この面は全面画像に未対応です。正面または側面を選んでください。	이 면은 전체 이미지를 지원하지 않습니다. 앞면이나 옆면을 선택하세요.
Remove white background and trim	去除白底并裁边	Weißen Hintergrund entfernen und beschneiden	Supprimer le fond blanc et rogner	Eliminar fondo blanco y recortar	Rimuovi fondo bianco e ritaglia	白背景を除去してトリミング	흰 배경 제거 및 자르기
Restore original background	恢复原始背景	Originalhintergrund wiederherstellen	Restaurer le fond original	Restaurar fondo original	Ripristina sfondo originale	元の背景に戻す	원본 배경 복원
Fit width (legacy)	按宽度适配（旧模式）	Breite anpassen (älterer Modus)	Ajuster à la largeur (ancien mode)	Ajustar ancho (modo anterior)	Adatta larghezza (modalità precedente)	幅に合わせる（旧方式）	너비 맞춤 (이전 방식)
Apply recommended finish to this layer	将推荐工艺应用到此图层	Empfohlene Veredelung anwenden	Appliquer la finition recommandée	Aplicar acabado recomendado	Applica finitura consigliata	推奨加工をこのレイヤーに適用	이 레이어에 추천 가공 적용
Artwork finish (preview)	图案工艺（预览）	Motivveredelung (Vorschau)	Finition du visuel (aperçu)	Acabado del diseño (vista previa)	Finitura grafica (anteprima)	図柄の加工（プレビュー）	디자인 가공 (미리보기)
Background matches the intended design	背景符合设计意图	Hintergrund entspricht dem Design	Le fond correspond au design prévu	El fondo coincide con el diseño	Lo sfondo corrisponde al design	背景は意図したデザイン通りです	배경이 의도한 디자인과 일치합니다
This transparent artwork is the separate finish mask	此透明图案是独立工艺蒙版	Transparentes Motiv ist die separate Veredelungsmaske	Ce visuel transparent est le masque de finition séparé	Este diseño transparente es la máscara del acabado	Questa grafica trasparente è la maschera della finitura	この透明画像は加工用の独立マスクです	이 투명 이미지는 별도의 가공 마스크입니다
Fine-tune position and layers	微调位置与图层	Position und Ebenen feinjustieren	Ajuster position et calques	Ajustar posición y capas	Regola posizione e livelli	位置とレイヤーを微調整	위치 및 레이어 미세 조정
accessory types · updates as you add or remove	种附件 · 增减时实时更新	Zubehörarten · aktualisiert beim Ändern	types d’accessoires · mise à jour immédiate	tipos de accesorios · actualización al modificar	tipi di accessori · aggiornamento immediato	種類の付属品・追加削除で更新	종류의 부속품 · 추가 및 삭제 시 업데이트
Add accessories below to see your set here.	在下方添加附件，即可在此查看整套组合。	Unten Zubehör hinzufügen, um das Set hier zu sehen.	Ajoutez des accessoires ci-dessous pour voir l’ensemble ici.	Añada accesorios abajo para ver el conjunto aquí.	Aggiungi accessori sotto per vedere il set qui.	下で付属品を追加すると、ここにセットが表示されます。	아래에서 부속품을 추가하면 여기서 세트를 볼 수 있습니다.
Structural and accessory illustrations · not a scaled finished design or artwork proof	结构与附件示意 · 非等比例成品或设计校样	Struktur- und Zubehöransicht · kein maßstäblicher Entwurf oder Druckproof	Illustrations · ni plan à l’échelle ni épreuve graphique	Ilustraciones · no es diseño a escala ni prueba de impresión	Illustrazioni · non è un progetto in scala né una prova stampa	構造・付属品のイメージ・縮尺図や校正刷りではありません	구조 및 부속품 예시 · 축척 도면이나 인쇄 교정본 아님
pieces · Customise details	件 · 设置定制细节	Stück · Details anpassen	pièces · Personnaliser	piezas · Personalizar	pezzi · Personalizza	個・詳細を設定	개 · 세부 설정
Use the main packaging logo and brand colours (design instruction)	沿用主包装标志与品牌色（设计要求）	Logo und Markenfarben übernehmen (Designvorgabe)	Reprendre le logo et les couleurs (consigne de design)	Usar logo y colores principales (instrucción de diseño)	Usa logo e colori principali (indicazione di design)	主包装のロゴとブランドカラーを使用（制作指示）	주 포장의 로고와 브랜드 색상 사용 (디자인 지시)
Reference consultation · preview not available	参考咨询 · 暂无预览	Beratung · keine Vorschau	Consultation · aperçu indisponible	Consulta · vista no disponible	Consulenza · anteprima non disponibile	参考相談・プレビュー未対応	참고 상담 · 미리보기 없음
Discuss this structure ↗	咨询此结构 ↗	Struktur besprechen ↗	Discuter de cette structure ↗	Consultar estructura ↗	Discuti la struttura ↗	この構造を相談 ↗	이 구조 상담 ↗
Choose a layer finish in the editor to see that effect on your artwork. Hardware and inserts remain specification choices, not production simulations.	选择图层工艺可查看图案效果；五金和内托仅记录规格，不是生产模拟。	Wählen Sie eine Ebenenveredelung für die Motivvorschau. Beschläge und Einlagen sind Spezifikationen, keine Produktionssimulation.	Choisissez une finition de calque pour voir l’effet. Accessoires et calages restent des spécifications, pas une simulation de production.	Elija el acabado de capa para ver el efecto. Herrajes e insertos son especificaciones, no simulaciones de producción.	Scegli una finitura del livello per vedere l’effetto. Accessori e inserti sono specifiche, non simulazioni produttive.	レイヤー加工で図柄への効果を確認できます。金具やインサートは仕様選択であり、生産シミュレーションではありません。	레이어 가공을 선택해 효과를 확인하세요. 부품과 내부 트레이는 사양 선택이며 생산 시뮬레이션이 아닙니다.
Thank you. MTT has received your packaging information. Hugo will review the structure, materials and production requirements and reply using the contact details provided.	MTT 已收到您的包装信息。Hugo 会审核结构、材料和生产需求，并通过您提供的方式回复。	MTT hat Ihre Angaben erhalten. Hugo prüft Struktur, Material und Produktion und antwortet über Ihre Kontaktdaten.	MTT a reçu vos informations. Hugo examinera structure, matériaux et production et vous répondra aux coordonnées fournies.	MTT ha recibido sus datos. Hugo revisará estructura, materiales y producción y responderá mediante los datos facilitados.	MTT ha ricevuto i dati. Hugo verificherà struttura, materiali e produzione e risponderà ai recapiti indicati.	MTTが包装情報を受信しました。Hugoが構造・素材・生産要件を確認し、ご指定の連絡先へ返信します。	MTT가 포장 정보를 받았습니다. Hugo가 구조, 소재 및 생산 요건을 검토한 후 제공된 연락처로 회신합니다.
Your specification and project ID are sent with this form. To share your design, add a viewable file link below or download your Packaging Brief and share it with Hugo. Uploaded images are not automatically sent.	表单会提交规格和项目编号。请附上可访问的文件链接，或下载需求书分享给 Hugo。上传的图片不会自动发送。	Das Formular sendet Spezifikation und Projekt-ID. Teilen Sie einen zugänglichen Dateilink oder den heruntergeladenen Brief mit Hugo. Hochgeladene Bilder werden nicht automatisch gesendet.	Le formulaire envoie les spécifications et l’ID. Partagez un lien accessible ou le cahier des charges avec Hugo. Les images importées ne sont pas envoyées automatiquement.	El formulario envía especificaciones e ID. Comparta un enlace accesible o el documento descargado con Hugo. Las imágenes cargadas no se envían automáticamente.	Il modulo invia specifiche e ID. Condividi un link accessibile o il documento scaricato con Hugo. Le immagini caricate non vengono inviate automaticamente.	フォームは仕様とIDを送信します。閲覧可能なリンクかダウンロードした仕様書をHugoと共有してください。アップロード画像は自動送信されません。	양식은 사양과 프로젝트 ID를 전송합니다. 접근 가능한 링크나 다운로드한 사양서를 Hugo에게 공유하세요. 업로드한 이미지는 자동 전송되지 않습니다.
Engineering issues are included in your brief. They do not prevent you from requesting a review.	工程问题会包含在需求书中，不影响您申请审核。	Technische Hinweise werden mitgesendet; eine Prüfung kann trotzdem angefragt werden.	Les points techniques sont inclus ; vous pouvez toujours demander une étude.	Los problemas técnicos se incluyen; puede solicitar una revisión.	Le criticità tecniche sono incluse; puoi comunque richiedere una verifica.	技術上の確認事項も仕様書に含まれます。確認依頼は可能です。	기술 검토 사항은 사양서에 포함됩니다. 검토 요청은 가능합니다.
Upload an image, choose its purpose, then select a layout. Images stay complete by default. Undo or adjust anytime.	上传图片、选择用途和排版。默认完整显示，可随时撤销或调整。	Bild hochladen, Zweck und Layout wählen. Standardmäßig bleibt das Bild vollständig; jederzeit ändern oder rückgängig machen.	Importez l’image, choisissez l’usage et la disposition. L’image reste entière par défaut ; ajustez ou annulez à tout moment.	Suba la imagen, elija uso y diseño. Se conserva completa por defecto; ajuste o deshaga cuando quiera.	Carica l’immagine, scegli uso e disposizione. Per default resta intera; modifica o annulla quando vuoi.	画像をアップロードし、用途と配置を選択します。初期設定は全体表示で、いつでも調整・取消できます。	이미지를 업로드하고 용도와 배치를 선택하세요. 기본은 전체 표시이며 언제든 조정하거나 취소할 수 있습니다.
Suggestions use image transparency. Confirm the purpose; product recognition and automatic cutout are not included.	建议依据图片透明度。请确认用途；不含产品识别或自动抠图。	Vorschläge basieren auf Transparenz. Zweck bestätigen; keine Produkterkennung oder automatische Freistellung.	Suggestions basées sur la transparence. Confirmez l’usage ; sans reconnaissance produit ni détourage automatique.	Sugerencias según transparencia. Confirme el uso; sin reconocimiento de producto ni recorte automático.	Suggerimenti basati sulla trasparenza. Conferma l’uso; nessun riconoscimento prodotto o scontorno automatico.	透明度をもとに提案します。用途を確認してください。製品認識や自動切り抜きは含みません。	투명도를 바탕으로 제안합니다. 용도를 확인하세요. 제품 인식이나 자동 누끼 기능은 포함되지 않습니다.
Select a layout to update the face and 3D preview. Placement scales with box dimensions. Use Undo to revert.	选择排版会更新表面和 3D 预览，位置随盒子尺寸缩放，可撤销。	Ein Layout aktualisiert Fläche und 3D-Vorschau. Platzierung skaliert mit den Maßen und ist rückgängig machbar.	Une disposition actualise la face et la 3D. Le placement suit les dimensions et peut être annulé.	La disposición actualiza la cara y la vista 3D. Se adapta a las medidas y puede deshacerse.	La disposizione aggiorna faccia e 3D. Il posizionamento segue le dimensioni e può essere annullato.	配置の選択で面と3Dが更新されます。位置は箱の寸法に連動し、元に戻せます。	배치를 선택하면 면과 3D가 업데이트됩니다. 위치는 상자 치수에 비례하며 취소할 수 있습니다.
Fill mode may crop image edges. Use Fit for logos, text or important subjects.	铺满可能裁掉边缘；标志、文字和重要主体请用完整适配。	Füllen kann Ränder abschneiden. Logos, Text und wichtige Motive einpassen.	Le remplissage peut rogner les bords. Ajustez les logos, textes et sujets importants.	Rellenar puede recortar bordes. Use Ajustar para logos, texto y sujetos importantes.	Riempi può tagliare i bordi. Usa Adatta per loghi, testi e soggetti importanti.	塗りつぶしでは端が切れる場合があります。ロゴや文字は全体表示を使用してください。	채우기는 가장자리를 자를 수 있습니다. 로고와 텍스트는 맞춤을 사용하세요.
White edges detected. For a logo, try Remove white background and trim. Keep product photos intact unless removal is intended.	检测到白边。标志可尝试去白底；产品照片如无去底需求请保持完整。	Weiße Ränder erkannt. Bei Logos Hintergrundentfernung versuchen; Produktfotos nur bei Bedarf freistellen.	Bords blancs détectés. Pour un logo, essayez le détourage ; gardez les photos intactes sauf besoin contraire.	Bordes blancos detectados. Pruebe quitar fondo en logos; mantenga las fotos intactas si no necesita recortarlas.	Rilevati bordi bianchi. Per loghi prova a rimuovere il fondo; mantieni le foto integre se non necessario.	白い縁を検出しました。ロゴは背景除去を試せます。製品写真は意図がなければ変更しないでください。	흰 가장자리가 감지되었습니다. 로고는 배경 제거를 시도할 수 있습니다. 제품 사진은 필요하지 않으면 그대로 두세요.
Drag to position, then release to update 3D. The dashed outline marks the selected layer. Position sliders support keyboard adjustment.	拖动后松开即可更新 3D，虚线标出所选图层，位置滑块支持键盘操作。	Ziehen und loslassen aktualisiert 3D. Gestrichelter Rand markiert die Ebene. Regler unterstützen Tastaturbedienung.	Glissez puis relâchez pour actualiser la 3D. Les pointillés marquent le calque. Les curseurs acceptent le clavier.	Arrastre y suelte para actualizar 3D. La línea discontinua marca la capa. Los controles admiten teclado.	Trascina e rilascia per aggiornare il 3D. Il tratteggio indica il livello. I cursori supportano la tastiera.	ドラッグ後に離すと3Dが更新されます。点線は選択レイヤーです。スライダーはキーボード操作に対応します。	드래그 후 놓으면 3D가 업데이트됩니다. 점선은 선택 레이어입니다. 슬라이더는 키보드를 지원합니다.
Removes near-white background connected to the edges. Intended for white-background logos. Restore is available during this editing session.	去除与边缘相连的近白背景，适用于白底标志；本次编辑期间可恢复。	Entfernt randverbundenes Weiß bei Logos. Wiederherstellung ist während dieser Sitzung möglich.	Supprime le blanc relié aux bords pour les logos. Restauration disponible pendant cette session.	Elimina blanco conectado al borde en logos. Puede restaurarse durante esta sesión.	Rimuove il bianco collegato ai bordi nei loghi. Ripristino disponibile in questa sessione.	端につながる白に近い背景を除去します。白背景ロゴ向けで、この編集セッション中は復元できます。	가장자리와 연결된 흰색 계열 배경을 제거합니다. 흰 배경 로고용이며 이번 편집 세션에서 복원할 수 있습니다.
Foil works best with a transparent logo. An opaque background will also receive the effect. Use Print for ordinary images, and confirm the finish mask before production.	烫印适合透明标志，不透明背景也会受效果影响。普通照片请用印刷，生产前需确认工艺蒙版。	Folie eignet sich für transparente Logos. Deckende Hintergründe erhalten ebenfalls den Effekt. Für Fotos Druck wählen und die Maske vor Produktion prüfen.	La dorure convient aux logos transparents. Un fond opaque reçoit aussi l’effet. Utilisez Impression pour les photos et validez le masque avant production.	El estampado funciona mejor con logos transparentes. El fondo opaco también recibe el efecto. Use Impresión para fotos y confirme la máscara antes de producir.	La lamina è adatta a loghi trasparenti. Anche lo sfondo opaco riceve l’effetto. Usa Stampa per foto e verifica la maschera prima della produzione.	箔は透明ロゴに適します。不透明背景にも効果が付きます。写真は通常印刷を選び、生産前に加工マスクを確認してください。	박 가공은 투명 로고에 적합합니다. 불투명 배경에도 효과가 적용됩니다. 사진은 일반 인쇄를 사용하고 생산 전 마스크를 확인하세요.
Face width × height and overall component dimensions are shown. Structural reference only—not a production dieline. Bleed, glue areas and tolerances require engineering review.	显示各面宽高及部件总尺寸，仅供结构参考，并非生产刀版；出血、粘口和公差需工程审核。	Flächen- und Gesamtmaße werden gezeigt. Nur Strukturreferenz, keine Produktionsstanze. Beschnitt, Klebezonen und Toleranzen prüfen lassen.	Dimensions des faces et composants affichées. Référence structurelle, pas un tracé de production. Fonds perdus, collage et tolérances à valider.	Se muestran caras y componentes. Referencia estructural, no troquel de producción. Sangrado, pegado y tolerancias requieren revisión.	Sono mostrate dimensioni di facce e componenti. Riferimento strutturale, non fustella produttiva. Abbondanze, incollaggio e tolleranze da verificare.	各面と部品の寸法を表示します。構造参考であり生産用抜き型ではありません。塗り足し、糊しろ、公差は技術確認が必要です。	각 면과 부품 치수를 표시합니다. 구조 참고용이며 생산용 칼선이 아닙니다. 도련, 접착부와 공차는 기술 검토가 필요합니다.
Add matching accessories to your box. One design brief, one enquiry. Open an added item below to customise it.	为盒子添加配套，一份需求统一询价。展开已添加项目即可定制。	Passendes Zubehör ergänzen, gemeinsam anfragen. Hinzugefügte Artikel unten zum Anpassen öffnen.	Ajoutez des accessoires et envoyez une seule demande. Ouvrez un élément ajouté pour le personnaliser.	Añada accesorios y consulte todo junto. Abra un artículo añadido para personalizarlo.	Aggiungi accessori e invia una sola richiesta. Apri un elemento aggiunto per personalizzarlo.	付属品も一つの仕様書でまとめて相談できます。追加項目を開いて設定してください。	부속품도 하나의 사양서로 함께 문의하세요. 추가 항목을 열어 맞춤 설정하세요.
Choose only what you need. Everything can be customised. Illustrations explain the accessory type.	按需选择，所有项目均可定制。图解仅说明附件类型。	Nur Benötigtes wählen. Alles ist anpassbar. Bilder erklären den Zubehörtyp.	Choisissez selon vos besoins. Tout est personnalisable. Les images expliquent le type d’accessoire.	Elija lo necesario. Todo es personalizable. Las imágenes explican el tipo de accesorio.	Scegli ciò che serve. Tutto è personalizzabile. Le immagini illustrano il tipo di accessorio.	必要なものだけ選べます。すべてカスタム仕様です。画像は付属品の種類を示します。	필요한 것만 선택하세요. 모두 맞춤 제작 가능합니다. 이미지는 부속품 종류를 설명합니다.
Quantity means sets, with one main package per set. Choose inserts in Materials & finishes.	数量指套数，每套一件主包装。内托请在材料与工艺中选择。	Menge bedeutet Sets mit je einer Hauptverpackung. Einlagen unter Material und Veredelung wählen.	La quantité indique des ensembles avec un emballage principal chacun. Choisissez le calage dans Matériaux et finitions.	La cantidad son conjuntos con un embalaje principal. Elija insertos en Materiales y acabados.	La quantità indica set con un imballaggio principale ciascuno. Scegli inserti in Materiali e finiture.	数量はセット数で、各セットに主包装一つです。インサートは素材と加工で選択します。	수량은 주 포장 하나가 포함된 세트 수입니다. 내부 트레이는 소재 및 가공에서 선택하세요.
All accessories are custom specifications, subject to feasibility, minimum order and sampling review. Accessory 3D previews are not included. Unpriced items are awaiting quote, never free. Shipping and tooling require separate confirmation.	附件均按定制规格审核可行性、起订量和样品。暂无附件 3D；未标价项目为待报价，不是免费。运输及模具费用另行确认。	Zubehör wird auf Machbarkeit, Mindestmenge und Muster geprüft. Keine Zubehör-3D-Vorschau. Ohne Preis bedeutet Angebot offen, nicht kostenlos. Versand und Werkzeuge separat bestätigen.	Accessoires soumis à faisabilité, minimum et échantillons. Pas de 3D des accessoires. Sans prix signifie devis en attente, pas gratuit. Transport et outillage à confirmer séparément.	Accesorios sujetos a viabilidad, mínimo y muestras. Sin vista 3D de accesorios. Sin precio significa pendiente, no gratis. Transporte y moldes se confirman aparte.	Accessori soggetti a fattibilità, minimi e campioni. Nessuna anteprima 3D accessori. Prezzo assente significa da quotare, non gratuito. Trasporto e attrezzature separati.	付属品は実現性、最小数量、試作の確認が必要です。付属品3Dは未対応です。価格未定は無料ではなく見積待ちです。送料・型代は別途確認します。	부속품은 제작 가능성, 최소 수량 및 샘플 검토가 필요합니다. 부속품 3D는 없습니다. 미정 가격은 무료가 아닌 견적 대기입니다. 배송 및 금형비는 별도 확인합니다.
Choose a category, then an opening style. Colour, printing, finishes and inserts come next.	先选择类别和开启方式，再选颜色、印刷、工艺和内托。	Kategorie und Öffnung wählen, danach Farbe, Druck, Veredelung und Einlage.	Choisissez catégorie et ouverture, puis couleurs, impression, finitions et calage.	Elija categoría y apertura, luego color, impresión, acabados e insertos.	Scegli categoria e apertura, poi colore, stampa, finiture e inserti.	カテゴリと開き方を選び、その後で色、印刷、加工、インサートを選びます。	분류와 여는 방식을 고른 후 색상, 인쇄, 가공 및 내부 트레이를 선택하세요.
12 existing model variants are available. Other entries are consultation directions, not selectable previews. Structural fit and production drawings require engineering review.	现有 12 种可用模型。其他项目仅供咨询，不能选作预览。结构适配和生产图需工程审核。	12 Modelle verfügbar. Andere Einträge sind Beratungsoptionen ohne Vorschau. Passform und Produktionszeichnungen erfordern technische Prüfung.	12 modèles disponibles. Les autres sont des pistes de consultation sans aperçu. Ajustement et plans nécessitent validation technique.	Hay 12 modelos. Los demás son opciones de consulta sin vista previa. Ajuste y planos requieren revisión técnica.	Disponibili 12 modelli. Le altre voci sono opzioni di consulenza senza anteprima. Adattamento e disegni richiedono verifica tecnica.	12モデルが利用可能です。その他は相談用でプレビュー選択できません。適合性と生産図は技術確認が必要です。	12개 모델을 사용할 수 있습니다. 다른 항목은 상담용이며 미리보기를 선택할 수 없습니다. 적합성과 생산 도면은 기술 검토가 필요합니다.
部件	部件	Bauteil	Composant	Componente	Componente	部品	부품
材料建议	材料建议	Materialvorschlag	Matériau conseillé	Material sugerido	Materiale consigliato	推奨素材	추천 소재
展开范围	展开范围	Flachmaße	Dimensions à plat	Medidas desplegadas	Dimensioni distese	展開寸法	전개 치수
净面积	净面积	Nettofläche	Surface nette	Área neta	Area netta	正味面積	순면적
说明	说明	Hinweise	Notes	Notas	Note	説明	설명
净面积用于初步报价；正式排版还需加入纸纹、出血、咬口和设备损耗。	净面积用于初步报价；正式排版还需加入纸纹、出血、咬口和设备损耗。	Nettofläche dient der Vorkalkulation. Laufrichtung, Beschnitt, Greiferrand und Maschinenverlust sind zusätzlich zu berücksichtigen.	La surface nette est indicative. Sens des fibres, fond perdu, prise de pince et pertes doivent être ajoutés.	El área neta es preliminar. Añada fibra, sangrado, pinza y pérdidas de máquina.	L’area netta è preliminare. Aggiungere fibra, abbondanze, pinza e scarti macchina.	正味面積は概算用です。紙目、塗り足し、くわえ、機械ロスは別途考慮します。	순면적은 예비 산출용입니다. 종이결, 도련, 물림 및 기계 손실을 별도 반영해야 합니다.
内尺寸 / Internal L × W × H:	内尺寸 长 × 宽 × 高：	Innen L × B × H:	Intérieur L × l × H :	Interior L × A × H:	Interno L × P × H:	内寸 長さ × 幅 × 高さ：	내측 길이 × 너비 × 높이:
Lift-off lid box	天地盖盒	Stülpdeckelschachtel	Boîte à couvercle séparé	Caja de tapa separada	Scatola con coperchio separato	かぶせ蓋箱	상하 분리형 상자
Drawer box	抽屉盒	Schubladenbox	Boîte tiroir	Caja cajón	Scatola a cassetto	引き出し箱	서랍형 상자
Hinged lid box	翻盖盒	Klappdeckelbox	Boîte à couvercle articulé	Caja con tapa abatible	Scatola con coperchio a ribalta	ヒンジ蓋箱	일체형 뚜껑 상자
Book-style box	书型盒	Buchbox	Boîte livre	Caja tipo libro	Scatola a libro	ブック型箱	책형 상자
Fold-flat hinged box	折叠翻盖盒	Faltbare Klappbox	Boîte pliante à rabat	Caja abatible plegable	Scatola pieghevole a ribalta	折り畳みヒンジ箱	접이식 일체형 상자
Window hinged box	开窗翻盖盒	Klappbox mit Fenster	Boîte à rabat avec fenêtre	Caja abatible con ventana	Scatola a ribalta con finestra	窓付きヒンジ箱	창문형 일체형 상자
Double-door box	双开门盒	Doppeltürbox	Boîte à deux volets	Caja de doble puerta	Scatola a doppia anta	両開き箱	양문형 상자
Shoulder box	围边天地盖盒	Schulterbox	Boîte à gorge	Caja con cuello interior	Scatola con spalla interna	インロー箱	인로형 상자
Mailer box	飞机盒	Versand-Faltbox	Boîte postale	Caja postal	Scatola postale	メール便箱	메일러 상자
Shipping carton	运输纸箱	Versandkarton	Carton d’expédition	Caja de transporte	Cartone da spedizione	輸送用段ボール箱	운송용 골판지 상자
Tuck-end carton	插口卡纸盒	Faltschachtel mit Stecklaschen	Étui à pattes rentrantes	Estuche con solapas	Astuccio con linguette	差し込み式紙箱	삽입식 판지 상자
Paper shopping bag	纸质手提袋	Papiertragetasche	Sac papier	Bolsa de papel	Borsa di carta	紙製手提げ袋	종이 쇼핑백
Premium Presentation	高端展示	Hochwertige Präsentation	Présentation haut de gamme	Presentación prémium	Presentazione premium	高級な見せ方	고급스러운 표현
Best Value	性价比优先	Bestes Preis-Leistungs-Verhältnis	Meilleur rapport qualité-prix	Mejor relación calidad-precio	Miglior rapporto qualità-prezzo	費用対効果	가격 대비 가치
Lower Shipping Volume	减少运输体积	Geringeres Versandvolumen	Volume d’expédition réduit	Menor volumen de envío	Minore volume di spedizione	輸送容積の削減	배송 부피 감소
Sustainable Direction	可持续方向	Nachhaltige Ausrichtung	Orientation durable	Enfoque sostenible	Direzione sostenibile	持続可能性の方向性	지속 가능성 방향
Stronger Protection	加强保护	Stärkerer Schutz	Protection renforcée	Mayor protección	Maggiore protezione	保護の強化	보호 강화
Recommended	推荐方案	Empfohlen	Recommandé	Recomendado	Consigliato	おすすめ	추천
Alternative / Lower Freight	备选／低运费方向	Alternative / geringere Fracht	Alternative / transport réduit	Alternativa / menor flete	Alternativa / minore trasporto	代替案／輸送費低減の方向	대안 / 운송비 절감 방향
Ready	就绪	Bereit	Prêt	Listo	Pronto	準備完了	준비 완료
Warning	提醒	Warnung	Avertissement	Advertencia	Avviso	注意	주의
Error	错误	Fehler	Erreur	Error	Errore	エラー	오류
Saved on this device	已保存到此设备	Auf diesem Gerät gespeichert	Enregistré sur cet appareil	Guardado en este dispositivo	Salvato su questo dispositivo	この端末に保存済み	이 기기에 저장됨
Download high-resolution PNG	下载高清 PNG	Hochauflösendes PNG herunterladen	Télécharger le PNG haute résolution	Descargar PNG de alta resolución	Scarica PNG ad alta risoluzione	高解像度PNGをダウンロード	고해상도 PNG 다운로드
Paper color	纸张颜色	Papierfarbe	Couleur du papier	Color del papel	Colore della carta	紙の色	종이 색상
Surface finish	表面工艺	Oberflächenfinish	Finition de surface	Acabado superficial	Finitura superficiale	表面加工	표면 가공
Opening	开启程度	Öffnung	Ouverture	Apertura	Apertura	開き具合	열림 정도
Lock layer	锁定图层	Ebene sperren	Verrouiller le calque	Bloquear capa	Blocca livello	レイヤーをロック	레이어 잠금
Unlock layer	解锁图层	Ebene entsperren	Déverrouiller le calque	Desbloquear capa	Sblocca livello	レイヤーロック解除	레이어 잠금 해제
Hide layer	隐藏图层	Ebene ausblenden	Masquer le calque	Ocultar capa	Nascondi livello	レイヤーを非表示	레이어 숨기기
Show layer	显示图层	Ebene anzeigen	Afficher le calque	Mostrar capa	Mostra livello	レイヤーを表示	레이어 표시
Layer down	图层下移	Ebene nach unten	Descendre le calque	Bajar capa	Abbassa livello	レイヤーを下へ	레이어 아래로
Layer up	图层上移	Ebene nach oben	Monter le calque	Subir capa	Alza livello	レイヤーを上へ	레이어 위로
Name *	姓名 *	Name *	Nom *	Nombre *	Nome *	氏名 *	이름 *
Business Email *	工作邮箱 *	Geschäftliche E-Mail *	E-mail professionnel *	Correo profesional *	Email aziendale *	仕事用メール *	업무 이메일 *
Company *	公司 *	Unternehmen *	Entreprise *	Empresa *	Azienda *	会社名 *	회사 *
Country *	国家／地区 *	Land *	Pays *	País *	Paese *	国・地域 *	국가 *
WhatsApp (optional)	WhatsApp（选填）	WhatsApp (optional)	WhatsApp (facultatif)	WhatsApp (opcional)	WhatsApp (facoltativo)	WhatsApp（任意）	WhatsApp (선택)
Sending…	正在发送…	Wird gesendet…	Envoi…	Enviando…	Invio…	送信中…	전송 중…
Rigid gift boxes	精品硬盒	Starre Geschenkboxen	Coffrets rigides	Cajas rígidas de regalo	Scatole regalo rigide	貼り箱ギフトボックス	고급 하드 박스
Folding cartons	卡纸盒	Faltschachteln	Étuis pliants	Estuches plegables	Astucci pieghevoli	折りたたみ紙箱	접이식 판지 상자
Corrugated packaging	瓦楞包装	Wellpappverpackung	Emballage en carton ondulé	Embalaje de cartón ondulado	Imballaggi in cartone ondulato	段ボール包装	골판지 포장
Paper shopping bags	纸质手提袋	Papiertragetaschen	Sacs papier	Bolsas de papel	Borse di carta	紙製手提げ袋	종이 쇼핑백
Lift-off & shoulder	天地盖与围边	Stülpdeckel und Schulter	Couvercle séparé et gorge	Tapa separada y cuello	Coperchio separato e spalla	かぶせ蓋・インロー	분리형 뚜껑 및 인로형
Hinged & book-style	翻盖与书型	Klappdeckel und Buchform	Rabat et livre	Abatible y tipo libro	Ribalta e libro	ヒンジ・ブック型	일체형 및 책형
Sliding tray	抽屉结构	Schiebeschale	Tiroir coulissant	Bandeja deslizante	Vassoio scorrevole	引き出し構造	슬라이딩 트레이
Collapsible	折叠硬盒	Zusammenfaltbar	Pliable	Plegable	Pieghevole	折り畳み式	접이식
Window & custom shapes	开窗与异形	Fenster und Sonderformen	Fenêtre et formes spéciales	Ventana y formas especiales	Finestra e forme speciali	窓付き・特殊形状	창문 및 특수 형태
Lift-off lid	天地盖	Stülpdeckel	Couvercle séparé	Tapa separada	Coperchio separato	かぶせ蓋	분리형 뚜껑
Shoulder / neck	围边天地盖	Schulter / Hals	Gorge intérieure	Cuello interior	Spalla interna	インロー	인로형
Hinged lid	翻盖盒	Klappdeckel	Couvercle articulé	Tapa abatible	Coperchio a ribalta	ヒンジ蓋	일체형 뚜껑
Book-style	书型盒	Buchform	Forme livre	Tipo libro	A libro	ブック型	책형
Double-door	双开门	Doppeltür	Deux volets	Doble puerta	Doppia anta	両開き	양문형
Single drawer	单抽屉	Einzelschublade	Tiroir simple	Cajón único	Cassetto singolo	単一引き出し	단일 서랍
Multiple drawers	多抽屉	Mehrere Schubladen	Plusieurs tiroirs	Varios cajones	Più cassetti	複数引き出し	다중 서랍
Fold-flat hinged	折叠翻盖	Faltbarer Klappdeckel	Rabat pliable à plat	Abatible plegable	Ribalta pieghevole	折り畳みヒンジ型	접이식 일체형
Window hinged	开窗翻盖	Klappdeckel mit Fenster	Rabat avec fenêtre	Abatible con ventana	Ribalta con finestra	窓付きヒンジ型	창문형 일체형
Round / polygonal	圆形／多边形	Rund / polygonal	Rond / polygonal	Redondo / poligonal	Rotondo / poligonale	円形／多角形	원형 / 다각형
Tuck closures	插口结构	Steckverschlüsse	Fermetures à pattes	Cierres de solapas	Chiusure a linguetta	差し込み式	삽입식 마감
Locking bases	锁底结构	Verriegelungsböden	Fonds verrouillables	Fondos de cierre	Fondi a incastro	ロック底	잠금 바닥
Snap-lock bottom	扣底盒	Steckboden	Fond à emboîtement	Fondo encajable	Fondo a incastro	組底	조립식 바닥
Auto-lock bottom	自动锁底盒	Automatikboden	Fond automatique	Fondo automático	Fondo automatico	ワンタッチ底	자동 잠금 바닥
Other constructions	其他结构	Weitere Konstruktionen	Autres structures	Otras estructuras	Altre strutture	その他の構造	기타 구조
Tray / sleeve / pillow	托盘／套筒／枕形	Schale / Hülle / Kissen	Plateau / fourreau / berlingot	Bandeja / funda / almohada	Vassoio / fascetta / cuscino	トレー／スリーブ／ピロー	트레이 / 슬리브 / 필로우
Slotted cases	开槽箱	Schlitzkartons	Caisses à rabats	Cajas ranuradas	Scatole a falde	溝切り箱	슬롯형 상자
Folders & mailers	折叠盒与邮寄盒	Falt- und Versandboxen	Boîtes pliantes et postales	Cajas plegables y postales	Scatole pieghevoli e postali	折り箱・メール便箱	접이식 및 메일러 상자
Telescopic / display / glued cases	套合／展示／预粘合箱	Teleskop- / Display- / Klebekartons	Caisses télescopiques / présentoirs / collées	Cajas telescópicas / expositoras / pegadas	Scatole telescopiche / espositori / incollate	組合せ／ディスプレイ／接着箱	겹침 / 진열 / 접착 상자
Shopping bag	购物袋	Einkaufstasche	Sac shopping	Bolsa de compra	Borsa shopping	ショッピングバッグ	쇼핑백
Gusseted shopping bag	侧褶购物袋	Einkaufstasche mit Seitenfalte	Sac à soufflets	Bolsa con fuelles	Borsa con soffietti	マチ付き手提げ袋	옆면 주름 쇼핑백
Other bag bodies	其他袋身	Weitere Taschenformen	Autres formes de sacs	Otras formas de bolsa	Altri corpi borsa	その他の袋形状	기타 가방 형태
Flat / alternative bottom	扁袋／其他袋底	Flach / anderer Boden	Plat / autre fond	Plano / fondo alternativo	Piatto / fondo alternativo	平袋／その他の底	평면 / 기타 바닥
None — review protection needs	无——需评估保护需求	Keine — Schutzbedarf prüfen	Aucun — vérifier la protection	Ninguno — revisar protección	Nessuno — verificare protezione	なし・保護要件を確認	없음 — 보호 필요성 검토
Paper insert	纸内托	Papiereinlage	Calage papier	Inserto de papel	Inserto in carta	紙インサート	종이 내부 트레이
EVA insert	EVA 内托	EVA-Einlage	Calage EVA	Inserto EVA	Inserto EVA	EVAインサート	EVA 내부 트레이
Foam insert	泡棉内托	Schaumstoffeinlage	Calage mousse	Inserto de espuma	Inserto in schiuma	フォームインサート	폼 내부 트레이
Coated wrapping paper	铜版裱纸	Gestrichenes Bezugspapier	Papier couché de couverture	Papel estucado de revestimiento	Carta patinata di rivestimento	コート貼り紙	코팅 싸개지
Specialty wrapping paper	特种裱纸	Spezial-Bezugspapier	Papier de couverture spécial	Papel especial de revestimiento	Carta speciale di rivestimento	特殊貼り紙	특수 싸개지
White paperboard	白卡纸	Weißkarton	Carton blanc	Cartulina blanca	Cartoncino bianco	白板紙	백색 판지
Kraft paperboard	牛皮卡纸	Kraftkarton	Carton kraft	Cartulina kraft	Cartoncino kraft	クラフト板紙	크라프트 판지
E-flute corrugated board	E 楞瓦楞纸板	E-Welle	Carton ondulé microcannelure E	Cartón ondulado canal E	Cartone ondulato onda E	Eフルート段ボール	E골 골판지
B-flute corrugated board	B 楞瓦楞纸板	B-Welle	Carton ondulé cannelure B	Cartón ondulado canal B	Cartone ondulato onda B	Bフルート段ボール	B골 골판지
Matte lamination	哑膜	Mattkaschierung	Pelliculage mat	Laminado mate	Plastificazione opaca	マットラミネート	무광 라미네이팅
Gloss lamination	光膜	Glanzkaschierung	Pelliculage brillant	Laminado brillante	Plastificazione lucida	グロスラミネート	유광 라미네이팅
Foil stamping	烫印	Heißfolienprägung	Marquage à chaud	Estampado en caliente	Stampa a caldo	箔押し	박 인쇄
Emboss / deboss	击凸／压凹	Hoch- / Tiefprägung	Gaufrage / débossage	Relieve / bajorrelieve	Rilievo / incavo	エンボス／デボス	양각 / 음각
Window patch	开窗贴片	Fensterfolie	Film de fenêtre	Lámina de ventana	Pellicola finestra	窓フィルム	창문 필름
Magnetic closure	磁吸封口	Magnetverschluss	Fermeture magnétique	Cierre magnético	Chiusura magnetica	マグネット留め	자석 잠금
Handle cord	提手绳	Tragekordel	Cordon de poignée	Cordón de asa	Cordino manico	持ち手紐	손잡이 끈
Matte paper	哑光纸面	Mattes Papier	Papier mat	Papel mate	Carta opaca	マット紙	무광 종이
Gloss paper	亮光纸面	Glänzendes Papier	Papier brillant	Papel brillante	Carta lucida	光沢紙	유광 종이
Close box	合上盒子	Schachtel schließen	Fermer la boîte	Cerrar caja	Chiudi scatola	箱を閉じる	상자 닫기
Open box to inspect structure	打开盒子查看结构	Schachtel zur Strukturprüfung öffnen	Ouvrir pour voir la structure	Abrir para ver la estructura	Apri per vedere la struttura	箱を開いて構造を確認	상자를 열어 구조 확인
Slide open	抽出程度	Aufschieben	Faire coulisser	Deslizar	Fai scorrere	引き出す	슬라이드 열기
Open lid	打开盒盖	Deckel öffnen	Ouvrir le couvercle	Abrir tapa	Apri coperchio	蓋を開く	뚜껑 열기
Drag to rotate, scroll to zoom, use the opening slider.	拖动旋转、滚动缩放，用滑块调整开启。	Ziehen zum Drehen, Scrollen zum Zoomen, Regler zum Öffnen.	Glissez pour tourner, défilez pour zoomer, utilisez le curseur d’ouverture.	Arrastre para girar, desplace para acercar y use el control de apertura.	Trascina per ruotare, scorri per zoomare e usa il cursore di apertura.	ドラッグで回転、スクロールで拡大縮小、スライダーで開閉。	드래그로 회전, 스크롤로 확대하며 슬라이더로 여세요.
Front	正面	Vorderseite	Face avant	Frente	Fronte	前面	앞면
Left	左面	Links	Gauche	Izquierda	Sinistra	左面	왼쪽
Right	右面	Rechts	Droite	Derecha	Destra	右面	오른쪽
Top	顶面	Oben	Dessus	Superior	Superiore	上面	윗면
Bottom	底面	Unten	Dessous	Inferior	Inferiore	底面	밑면
Move layer up	图层上移	Ebene nach oben	Monter le calque	Subir capa	Sposta livello su	レイヤーを上へ	레이어 위로
Move layer down	图层下移	Ebene nach unten	Descendre le calque	Bajar capa	Sposta livello giù	レイヤーを下へ	레이어 아래로
This layer is locked. Choose Unlock layer below to edit.	该图层已锁定，请先点击解锁图层。	Diese Ebene ist gesperrt. Zum Bearbeiten entsperren.	Ce calque est verrouillé. Déverrouillez-le pour le modifier.	Esta capa está bloqueada. Desbloquéela para editar.	Questo livello è bloccato. Sbloccalo per modificarlo.	このレイヤーはロックされています。解除して編集してください。	잠긴 레이어입니다. 잠금을 해제하여 편집하세요.
Type here to update the preview.	在此输入，预览将同步更新。	Hier eingeben, um die Vorschau zu aktualisieren.	Saisissez ici pour actualiser l’aperçu.	Escriba aquí para actualizar la vista previa.	Scrivi qui per aggiornare l’anteprima.	ここに入力するとプレビューが更新されます。	입력하면 미리보기가 업데이트됩니다.
✓ Added	✓ 已添加	✓ Hinzugefügt	✓ Ajouté	✓ Añadido	✓ Aggiunto	✓ 追加済み	✓ 추가됨
＋ Add to set	＋ 加入套装	＋ Zum Set hinzufügen	＋ Ajouter au coffret	＋ Añadir al conjunto	＋ Aggiungi al set	＋ セットに追加	＋ 세트에 추가
Close	收起	Schließen	Fermer	Cerrar	Chiudi	閉じる	닫기
Expand	展开	Erweitern	Développer	Expandir	Espandi	展開	펼치기
New project	新项目	Neues Projekt	Nouveau projet	Nuevo proyecto	Nuovo progetto	新規プロジェクト	새 프로젝트
Not entered	未填写	Nicht angegeben	Non renseigné	Sin indicar	Non inserito	未入力	미입력
Product dimensions	产品尺寸	Produktmaße	Dimensions du produit	Dimensiones del producto	Dimensioni del prodotto	製品寸法	제품 치수
Internal box dimensions	盒子内部尺寸	Innenmaße der Box	Dimensions intérieures de la boîte	Dimensiones interiores de la caja	Dimensioni interne della scatola	箱の内寸	상자 내부 치수
Wrapping	裱纸	Bezugspapier	Papier de revêtement	Papel de revestimiento	Carta di rivestimento	貼り紙	싸바리 종이
Safe zone (mm)	安全区（毫米）	Sicherheitsabstand (mm)	Zone de sécurité (mm)	Zona segura (mm)	Area sicura (mm)	セーフゾーン（mm）	안전 영역(mm)
Effective resolution (DPI)	有效分辨率（DPI）	Effektive Auflösung (DPI)	Résolution effective (DPI)	Resolución efectiva (DPI)	Risoluzione effettiva (DPI)	実効解像度（DPI）	유효 해상도(DPI)
Proposed clearance per side (mm)	建议每侧余量（毫米）	Vorgeschlagener Abstand je Seite (mm)	Jeu proposé par côté (mm)	Holgura propuesta por lado (mm)	Gioco proposto per lato (mm)	片側の推奨余裕（mm）	면당 권장 여유(mm)
Packaging Brief Sent	包装需求已发送	Verpackungsbrief gesendet	Cahier des charges envoyé	Especificaciones enviadas	Specifiche inviate	包装仕様を送信しました	포장 사양 전송 완료
Device storage is full or unavailable. Export Project JSON to keep your work.	设备存储已满或不可用，请导出项目 JSON 保存设计。	Gerätespeicher voll oder nicht verfügbar. Projekt als JSON exportieren.	Stockage plein ou indisponible. Exportez le projet en JSON.	Almacenamiento lleno o no disponible. Exporte el proyecto JSON.	Memoria piena o non disponibile. Esporta il progetto JSON.	保存領域が不足、または利用できません。JSONをエクスポートしてください。	저장 공간이 부족하거나 사용할 수 없습니다. 프로젝트 JSON을 내보내세요.
Generate Solutions	生成方案	Lösungen erstellen	Générer des solutions	Generar soluciones	Genera soluzioni	プランを生成	솔루션 생성
Structure	结构	Struktur	Structure	Estructura	Struttura	構造	구조
Material	材料	Material	Matériau	Material	Materiale	素材	소재
Finishing	工艺	Veredelung	Finition	Acabado	Finitura	表面加工	후가공
Packaging set	包装套装	Verpackungsset	Ensemble d’emballage	Conjunto de embalaje	Set di imballaggio	包装セット	포장 세트
None	无	Keine	Aucun	Ninguno	Nessuno	なし	없음
Greyboard — thickness to be reviewed	灰板——厚度待审核	Graupappe — Stärke zu prüfen	Carton gris — épaisseur à valider	Cartón gris — grosor pendiente de revisión	Cartone grigio — spessore da verificare	グレーボード — 厚さ要確認	그레이보드 — 두께 검토 필요
Choose your box	选择盒型	Box auswählen	Choisissez votre boîte	Elija su caja	Scegli la scatola	箱を選ぶ	상자 선택
Start with the opening style	先选开启方式	Mit der Öffnungsart beginnen	Commencez par le type d’ouverture	Empiece por el tipo de apertura	Inizia dal tipo di apertura	開き方から選びましょう	열리는 방식부터 선택하세요
Choose the structure closest to your idea. You can change it later; images show an illustrative opening style.	选择最接近您想法的结构，之后可以更换。图片展示开启方式示意。	Wählen Sie eine passende Struktur. Sie können sie später ändern; die Bilder veranschaulichen die Öffnungsart.	Choisissez une structure proche de votre idée. Vous pourrez la modifier ; les images illustrent l’ouverture.	Elija la estructura más cercana a su idea. Puede cambiarla después; las imágenes ilustran la apertura.	Scegli la struttura più vicina alla tua idea. Potrai cambiarla; le immagini illustrano l’apertura.	ご希望に近い構造を選んでください。後から変更できます。画像は開き方のイメージです。	원하는 구조를 선택하세요. 나중에 변경할 수 있으며 이미지는 열리는 방식의 예시입니다.
Wrapped board boxes for presentation and gifting.	适合礼赠与展示的裱纸硬盒。	Bezugskartonagen für Präsentation und Geschenke.	Boîtes rigides habillées pour la présentation et les cadeaux.	Cajas rígidas forradas para presentación y regalos.	Scatole rigide rivestite per presentazioni e regali.	ギフトや展示用の貼り箱。	선물과 전시를 위한 싸바리 상자.
Separate lid lifts away from the base.	上盖与底盒分离。	Der separate Deckel wird vom Unterteil abgehoben.	Le couvercle se sépare de la base.	La tapa se separa de la base.	Il coperchio si separa dalla base.	蓋と底箱が分離します。	뚜껑과 바닥 상자가 분리됩니다.
Inner shoulder remains visible between lid and base.	上盖与底盒之间露出内围边。	Ein innerer Hals bleibt zwischen Deckel und Unterteil sichtbar.	Le col intérieur reste visible entre le couvercle et la base.	El cuello interior queda visible entre la tapa y la base.	Il collo interno resta visibile tra coperchio e base.	蓋と底箱の間に内側の枠が見えます。	뚜껑과 바닥 사이에 내부 테두리가 보입니다.
Lid stays attached along the back edge.	盖子沿后边与盒身连接。	Der Deckel bleibt an der Rückkante befestigt.	Le couvercle reste fixé au bord arrière.	La tapa permanece unida al borde trasero.	Il coperchio resta collegato al bordo posteriore.	蓋は背面の辺で箱につながっています。	뚜껑이 뒤쪽 모서리에 연결되어 있습니다.
Cover opens around a spine beside the inner tray.	封面围绕内盒旁的书脊翻开。	Der Deckel öffnet sich über einen Rücken neben der Innenschale.	La couverture s’ouvre autour d’un dos à côté du plateau intérieur.	La cubierta se abre alrededor de un lomo junto a la bandeja interior.	La copertina si apre sul dorso accanto al vassoio interno.	内箱の横の背を軸に表紙が開きます。	내부 트레이 옆 책등을 중심으로 덮개가 열립니다.
Two panels open outward from the centre.	两扇盖板从中间向外打开。	Zwei Flügel öffnen sich von der Mitte nach außen.	Deux panneaux s’ouvrent vers l’extérieur depuis le centre.	Dos paneles se abren hacia fuera desde el centro.	Due pannelli si aprono dal centro verso l’esterno.	2枚の扉が中央から外側へ開きます。	두 패널이 중앙에서 바깥쪽으로 열립니다.
One tray slides out of an outer sleeve.	内抽屉从外套中拉出。	Eine Schublade gleitet aus einer äußeren Hülle.	Un tiroir coulisse hors d’un étui extérieur.	Una bandeja se desliza fuera de una funda exterior.	Un vassoio scorre fuori da una custodia esterna.	外スリーブからトレーを引き出します。	외부 슬리브에서 트레이를 꺼냅니다.
Compartments and tray count require a separate structural review.	分隔与抽屉数量需单独进行结构审核。	Fächer und Schubladenanzahl erfordern eine gesonderte Strukturprüfung.	Les compartiments et le nombre de tiroirs nécessitent une étude séparée.	Los compartimentos y la cantidad de bandejas requieren revisión estructural.	Scomparti e numero di vassoi richiedono una verifica strutturale separata.	仕切りとトレー数は個別の構造確認が必要です。	칸 구성과 트레이 수는 별도의 구조 검토가 필요합니다.
Collapsible sides shown with the existing folding preview.	折叠演示中展示可折叠侧壁。	Faltbare Seiten werden in der Faltvorschau gezeigt.	Les côtés repliables sont illustrés dans l’aperçu de pliage.	Los laterales plegables se muestran en la vista de plegado.	I lati pieghevoli sono mostrati nell’anteprima di piegatura.	折りたたみプレビューで側壁の動きを表示します。	접기 미리보기에서 접히는 측면을 보여줍니다.
Existing hinged structure with a lid window.	盖面开窗的翻盖结构。	Klappdeckelstruktur mit Sichtfenster im Deckel.	Structure à couvercle articulé avec fenêtre.	Estructura abatible con ventana en la tapa.	Struttura a cerniera con finestra sul coperchio.	蓋に窓のあるヒンジ構造です。	뚜껑에 창이 있는 힌지 구조입니다.
Custom geometry requires review; no substitute rectangular model.	特殊形状需审核，不使用长方体模型替代。	Sonderformen erfordern eine Prüfung; kein rechteckiges Ersatzmodell.	Les formes spéciales nécessitent une étude ; aucun modèle rectangulaire de substitution.	Las formas especiales requieren revisión; no se sustituyen por modelos rectangulares.	Le forme speciali richiedono verifica; nessun modello rettangolare sostitutivo.	特殊形状は確認が必要です。直方体モデルで代用しません。	특수 형상은 검토가 필요하며 직육면체 모델로 대체하지 않습니다.
