topic,primary_article_url,action,intent_boundary
Product families,https://mttpackaging.com/insights/rigid-box-vs-folding-carton,retain and categorize,One primary topic; related decisions cross-link to existing guides
Product families,https://mttpackaging.com/insights/folding-carton-closure-selection,new,One primary topic; related decisions cross-link to existing guides
Product families,https://mttpackaging.com/insights/corrugated-mailer-shipping-box-specification,new,One primary topic; related decisions cross-link to existing guides
Product families,https://mttpackaging.com/insights/paper-bag-size-handles-load-check,new,One primary topic; related decisions cross-link to existing guides
Product families,https://mttpackaging.com/insights/custom-inserts-product-protection,retain and categorize,One primary topic; related decisions cross-link to existing guides
Structure and protection,https://mttpackaging.com/insights/custom-box-structure-guide,retain and categorize,One primary topic; related decisions cross-link to existing guides
Structure and protection,https://mttpackaging.com/insights/hexagonal-rigid-gift-box-structure-analysis,retain and categorize,One primary topic; related decisions cross-link to existing guides
Structure and protection,https://mttpackaging.com/insights/window-carton-presentation-analysis,retain and categorize,One primary topic; related decisions cross-link to existing guides
Structure and protection,https://mttpackaging.com/insights/fold-flat-triangular-gift-box-shipping-volume,retain and categorize,One primary topic; related decisions cross-link to existing guides
Structure and protection,https://mttpackaging.com/insights/perfume-box-insert-design,retain and categorize,One primary topic; related decisions cross-link to existing guides
Structure and protection,https://mttpackaging.com/insights/perfume-box-inserts,retain and categorize,One primary topic; related decisions cross-link to existing guides
Structure and protection,https://mttpackaging.com/insights/packaging-inserts-for-handmade-glass-products,retain and categorize,One primary topic; related decisions cross-link to existing guides
Structure and protection,https://mttpackaging.com/insights/electronics-paperboard-insert-analysis,retain and categorize,One primary topic; related decisions cross-link to existing guides
Structure and protection,https://mttpackaging.com/insights/cosmetic-pump-bottle-gift-box-clearance,retain and categorize,One primary topic; related decisions cross-link to existing guides
Structure and protection,https://mttpackaging.com/insights/necklace-packaging-chain-management,retain and categorize,One primary topic; related decisions cross-link to existing guides
Industry applications,https://mttpackaging.com/insights/perfume-discovery-set-packaging,retain and categorize,One primary topic; related decisions cross-link to existing guides
Industry applications,https://mttpackaging.com/insights/perfume-box-and-bag-packaging,retain and categorize,One primary topic; related decisions cross-link to existing guides
Industry applications,https://mttpackaging.com/insights/shared-box-multiple-cosmetic-skus,retain and categorize,One primary topic; related decisions cross-link to existing guides
Industry applications,https://mttpackaging.com/insights/skincare-packaging-series-analysis,retain and categorize,One primary topic; related decisions cross-link to existing guides
Industry applications,https://mttpackaging.com/insights/fragrance-packaging-brand-pattern-analysis,retain and categorize,One primary topic; related decisions cross-link to existing guides
Industry applications,https://mttpackaging.com/insights/modular-perfume-packaging-analysis,retain and categorize,One primary topic; related decisions cross-link to existing guides
Industry applications,https://mttpackaging.com/insights/jewelry-packaging-repeat-use-analysis,retain and categorize,One primary topic; related decisions cross-link to existing guides
Industry applications,https://mttpackaging.com/insights/double-door-wine-gift-box-design-review,retain and categorize,One primary topic; related decisions cross-link to existing guides
Industry applications,https://mttpackaging.com/insights/christmas-drawer-gift-box-packout-review,retain and categorize,One primary topic; related decisions cross-link to existing guides
Industry applications,https://mttpackaging.com/insights/tea-gift-box-drawer-analysis,retain and categorize,One primary topic; related decisions cross-link to existing guides
Industry applications,https://mttpackaging.com/insights/collectors-packaging-story-material-analysis,retain and categorize,One primary topic; related decisions cross-link to existing guides
Materials and finishes,https://mttpackaging.com/insights/packaging-materials-guide,retain and categorize,One primary topic; related decisions cross-link to existing guides
Materials and finishes,https://mttpackaging.com/insights/packaging-material-selection,retain and categorize,One primary topic; related decisions cross-link to existing guides
Materials and finishes,https://mttpackaging.com/insights/printing-finishing-guide,retain and categorize,One primary topic; related decisions cross-link to existing guides
Materials and finishes,https://mttpackaging.com/insights/match-gold-foil-perfume-box-paper-bag,retain and categorize,One primary topic; related decisions cross-link to existing guides
Materials and finishes,https://mttpackaging.com/insights/molded-pulp-inserts-cosmetic-packaging,retain and categorize,One primary topic; related decisions cross-link to existing guides
Materials and finishes,https://mttpackaging.com/insights/recycled-vs-recyclable-packaging-boxes,retain and categorize,One primary topic; related decisions cross-link to existing guides
Materials and finishes,https://mttpackaging.com/insights/plastic-lamination-free-packaging-boxes,retain and categorize,One primary topic; related decisions cross-link to existing guides
Materials and finishes,https://mttpackaging.com/insights/sustainable-luxury-packaging-boxes-approval,retain and categorize,One primary topic; related decisions cross-link to existing guides
Materials and finishes,https://mttpackaging.com/insights/ppwr-packaging-requirements,retain and categorize,One primary topic; related decisions cross-link to existing guides
Procurement and delivery,https://mttpackaging.com/insights/how-to-write-a-packaging-brief,retain and categorize,One primary topic; related decisions cross-link to existing guides
Procurement and delivery,https://mttpackaging.com/insights/5-things-before-ordering-custom-packaging,retain and categorize,One primary topic; related decisions cross-link to existing guides
Procurement and delivery,https://mttpackaging.com/insights/custom-packaging-cost-guide,retain and categorize,One primary topic; related decisions cross-link to existing guides
Procurement and delivery,https://mttpackaging.com/insights/reduce-custom-packaging-costs,retain and categorize,One primary topic; related decisions cross-link to existing guides
Procurement and delivery,https://mttpackaging.com/insights/custom-packaging-sampling-process,retain and categorize,One primary topic; related decisions cross-link to existing guides
Procurement and delivery,https://mttpackaging.com/insights/reduce-packaging-sampling-rounds,retain and categorize,One primary topic; related decisions cross-link to existing guides
Procurement and delivery,https://mttpackaging.com/insights/reduce-shipping-costs-rigid-boxes,retain and categorize,One primary topic; related decisions cross-link to existing guides
Procurement and delivery,https://mttpackaging.com/insights/custom-packaging-storage-scheduled-delivery,retain and categorize,One primary topic; related decisions cross-link to existing guides
Procurement and delivery,https://mttpackaging.com/insights/packaging-design-to-production-china,retain and categorize,One primary topic; related decisions cross-link to existing guides
Procurement and delivery,https://mttpackaging.com/insights/packaging-reorder-specification-change-control,new,One primary topic; related decisions cross-link to existing guides
