code,product_url,specific_search_intent,family_topic,title,description
MTT-R0101,https://mttpackaging.com/products/signature-perfume-lift-off,custom perfume bottle Lift-off lid,Rigid gift boxes,Custom Perfume Lift-Off Lid Box | Gloss & Silver Foil,"Custom perfume lid-and-base packaging with a separate cap, fitted bottle cavity and gloss finish. Compare opening, insert fit and sample requirements."
MTT-R0102,https://mttpackaging.com/products/travel-fragrance-trio-drawer,custom travel perfume set Drawer box,Rigid gift boxes,Custom Travel Perfume Set Drawer Box | MTT Packaging,"Custom travel perfume set packaging in a drawer box, with three narrow parallel bottle cavities. Tailor size, wrapping paper and finishes with MTT. Request a quote."
MTT-R0103,https://mttpackaging.com/products/skincare-ritual-book,custom skincare set Magnetic book box,Rigid gift boxes,Custom Magnetic Skincare Gift Box | Textured Wrap,"Plan a magnetic skincare gift box with one jar and two bottle positions. Review linen-textured wrap, debossing, removal access and closure clearance."
MTT-R0104,https://mttpackaging.com/products/perfume-discovery-library-double-door,custom perfume discovery set Double-door box,Rigid gift boxes,Custom Perfume Discovery Set Double-Door Box | MTT Packaging,"Custom perfume discovery set packaging in a double-door box, with six narrow vial channels. Tailor size, wrapping paper and finishes with MTT. Request a quote."
MTT-R0105,https://mttpackaging.com/products/face-cream-presentation-shoulder,custom face cream jar Shoulder-neck box,Rigid gift boxes,Custom Face Cream Jar Shoulder-Neck Box | MTT Packaging,"Custom face cream jar packaging in a shoulder-neck box, with one centred circular jar recess. Tailor size, wrapping paper and finishes with MTT. Request a quote."
MTT-R0106,https://mttpackaging.com/products/makeup-artist-collection-stacked-drawers,custom makeup collection Two-drawer box,Rigid gift boxes,Custom Makeup Collection Two-Drawer Box | MTT Packaging,"Custom makeup collection packaging in a two-drawer box, with four rectangular cosmetic compartments. Tailor size, wrapping paper and finishes with MTT. Request a quote."
MTT-R0107,https://mttpackaging.com/products/botanical-scent-duo-hexagonal,custom botanical perfume duo Hexagonal lift-off box,Rigid gift boxes,Custom Botanical Perfume Duo Hexagonal Lift-Off Box | MTT Packaging,"Custom botanical perfume duo packaging in a hexagonal lift-off box, with two equally sized bottle recesses. Tailor size, wrapping paper and finishes with MTT. Request a quote."
MTT-R0108,https://mttpackaging.com/products/beauty-ampoule-collection-stacked-drawers,custom beauty ampoule set Two-drawer box,Rigid gift boxes,Custom Beauty Ampoule Set Two-Drawer Box | MTT Packaging,"Custom beauty ampoule set packaging in a two-drawer box, with eight slim parallel channels. Tailor size, wrapping paper and finishes with MTT. Request a quote."
MTT-R0109,https://mttpackaging.com/products/solid-perfume-keepsake-round,custom solid perfume Round lift-off box,Rigid gift boxes,Custom Solid Perfume Round Lift-Off Box | MTT Packaging,"Custom solid perfume packaging in a round lift-off box, with one shallow round compact well. Tailor size, wrapping paper and finishes with MTT. Request a quote."
MTT-R0110,https://mttpackaging.com/products/evening-beauty-routine-tiered,custom beauty routine set Two-tier lift-off box,Rigid gift boxes,Custom Beauty Routine Set Two-Tier Lift-Off Box | MTT Packaging,"Custom beauty routine set packaging in a two-tier lift-off box, with two removable compartment trays. Tailor size, wrapping paper and finishes with MTT. Request a quote."
MTT-R0111,https://mttpackaging.com/products/perfume-and-refill-lift-off,custom perfume refill set Lift-off lid,Rigid gift boxes,Custom Perfume Refill Set Lift-Off Lid Box | MTT Packaging,"Custom perfume refill set packaging in a lift-off lid box, with two unequal bottle cavities. Tailor size, wrapping paper and finishes with MTT. Request a quote."
MTT-R0112,https://mttpackaging.com/products/lip-colour-wardrobe-drawer,custom lipstick set Drawer box,Rigid gift boxes,Custom Lipstick Set Drawer Box | MTT Packaging,"Custom lipstick set packaging in a drawer box, with five slim rectangular recesses. Tailor size, wrapping paper and finishes with MTT. Request a quote."
MTT-R0113,https://mttpackaging.com/products/facial-oil-and-stone-book,custom facial oil gift set Magnetic book box,Rigid gift boxes,Custom Facial Oil Gift Set Magnetic Book Box | MTT Packaging,"Custom facial oil gift set packaging in a magnetic book box, with one bottle well and one oval tool well. Tailor size, wrapping paper and finishes with MTT. Request a quote."
MTT-R0114,https://mttpackaging.com/products/bridal-fragrance-double-door,custom bridal perfume Double-door box,Rigid gift boxes,Custom Bridal Perfume Double-Door Box | MTT Packaging,"Custom bridal perfume packaging in a double-door box, with one bottle cavity with a card channel. Tailor size, wrapping paper and finishes with MTT. Request a quote."
MTT-R0115,https://mttpackaging.com/products/moisture-mask-collection-shoulder,custom face mask set Shoulder-neck box,Rigid gift boxes,Custom Face Mask Set Shoulder-Neck Box | MTT Packaging,"Custom face mask set packaging in a shoulder-neck box, with a flat sachet compartment. Tailor size, wrapping paper and finishes with MTT. Request a quote."
MTT-R0116,https://mttpackaging.com/products/professional-brush-set-stacked-drawers,custom makeup brush set Two-drawer box,Rigid gift boxes,Custom Makeup Brush Set Two-Drawer Box | MTT Packaging,"Custom makeup brush set packaging in a two-drawer box, with six long parallel tool slots. Tailor size, wrapping paper and finishes with MTT. Request a quote."
MTT-R0117,https://mttpackaging.com/products/haircare-gift-ritual-hexagonal,custom haircare gift set Hexagonal lift-off box,Rigid gift boxes,Custom Haircare Gift Set Hexagonal Lift-Off Box | MTT Packaging,"Custom haircare gift set packaging in a hexagonal lift-off box, with three tall container recesses. Tailor size, wrapping paper and finishes with MTT. Request a quote."
MTT-R0118,https://mttpackaging.com/products/miniature-makeup-collection-stacked-drawers,custom mini makeup set Two-drawer box,Rigid gift boxes,Custom Mini Makeup Set Two-Drawer Box | MTT Packaging,"Custom mini makeup set packaging in a two-drawer box, with two drawers with four square wells each. Tailor size, wrapping paper and finishes with MTT. Request a quote."
MTT-R0119,https://mttpackaging.com/products/powder-compact-gift-round,custom powder compact Round lift-off box,Rigid gift boxes,Custom Powder Compact Round Lift-Off Box | MTT Packaging,"Custom powder compact packaging in a round lift-off box, with one circular compact recess. Tailor size, wrapping paper and finishes with MTT. Request a quote."
MTT-R0120,https://mttpackaging.com/products/fragrance-layering-set-tiered,custom fragrance layering set Two-tier lift-off box,Rigid gift boxes,Custom Fragrance Layering Set Two-Tier Lift-Off Box | MTT Packaging,"Custom fragrance layering set packaging in a two-tier lift-off box, with a bottle tray above a small vial tray. Tailor size, wrapping paper and finishes with MTT. Request a quote."
MTT-R0201,https://mttpackaging.com/products/tea-tin-pairing-lift-off,custom tea tin gift set Lift-off lid,Rigid gift boxes,Custom Tea Tin Gift Set Lift-Off Lid Box | MTT Packaging,"Custom tea tin gift set packaging in a lift-off lid box, with two circular tin wells. Tailor size, wrapping paper and finishes with MTT. Request a quote."
MTT-R0202,https://mttpackaging.com/products/coffee-tasting-flight-drawer,custom coffee tasting set Drawer box,Rigid gift boxes,Custom Coffee Tasting Drawer Gift Box | Four Compartments,"Explore a four-compartment coffee tasting drawer box for sealed pouches, with printed wrap, a sliding tray and coordinated cards or ribbon."
MTT-R0203,https://mttpackaging.com/products/chocolate-selection-book,custom chocolate gift Magnetic book box,Rigid gift boxes,Custom Chocolate Gift Magnetic Book Box | MTT Packaging,"Custom chocolate gift packaging in a magnetic book box, with nine equal compartments for wrapped chocolates. Tailor size, wrapping paper and finishes with MTT. Request a quote."
MTT-R0204,https://mttpackaging.com/products/tea-ceremony-collection-double-door,custom tea ceremony set Double-door box,Rigid gift boxes,Custom Tea Ceremony Set Double-Door Box | MTT Packaging,"Custom tea ceremony set packaging in a double-door box, with two tin wells and one long utensil slot. Tailor size, wrapping paper and finishes with MTT. Request a quote."
MTT-R0205,https://mttpackaging.com/products/single-estate-tea-shoulder,custom single estate tea Shoulder-neck box,Rigid gift boxes,Custom Single Estate Tea Shoulder-Neck Box | MTT Packaging,"Custom single estate tea packaging in a shoulder-neck box, with one round tin recess. Tailor size, wrapping paper and finishes with MTT. Request a quote."
MTT-R0206,https://mttpackaging.com/products/coffee-and-chocolate-pairing-stacked-drawers,custom coffee chocolate gift set Two-drawer box,Rigid gift boxes,Custom Coffee Chocolate Gift Set Two-Drawer Box | MTT Packaging,"Custom coffee chocolate gift set packaging in a two-drawer box, with two compartments per drawer. Tailor size, wrapping paper and finishes with MTT. Request a quote."
MTT-R0207,https://mttpackaging.com/products/seasonal-tea-trio-hexagonal,custom tea sampler Hexagonal lift-off box,Rigid gift boxes,Custom Tea Sampler Hexagonal Lift-Off Box | MTT Packaging,"Custom tea sampler packaging in a hexagonal lift-off box, with three equal tin recesses. Tailor size, wrapping paper and finishes with MTT. Request a quote."
MTT-R0208,https://mttpackaging.com/products/chocolate-tasting-library-stacked-drawers,custom chocolate bar collection Two-drawer box,Rigid gift boxes,Custom Chocolate Bar Collection Two-Drawer Box | MTT Packaging,"Custom chocolate bar collection packaging in a two-drawer box, with six wrapped-bar channels per drawer. Tailor size, wrapping paper and finishes with MTT. Request a quote."
MTT-R0209,https://mttpackaging.com/products/cacao-truffle-gift-round,custom chocolate truffle Round lift-off box,Rigid gift boxes,Custom Chocolate Truffle Round Lift-Off Box | MTT Packaging,"Custom chocolate truffle packaging in a round lift-off box, with seven wrapped-confection compartments. Tailor size, wrapping paper and finishes with MTT. Request a quote."
MTT-R0210,https://mttpackaging.com/products/afternoon-tea-assortment-tiered,custom afternoon tea gift set Two-tier lift-off box,Rigid gift boxes,Custom Afternoon Tea Gift Set Two-Tier Lift-Off Box | MTT Packaging,"Custom afternoon tea gift set packaging in a two-tier lift-off box, with two shallow removable compartment trays. Tailor size, wrapping paper and finishes with MTT. Request a quote."
MTT-R0211,https://mttpackaging.com/products/matcha-ritual-gift-lift-off,custom matcha gift set Lift-off lid,Rigid gift boxes,Custom Matcha Gift Set Lift-Off Lid Box | MTT Packaging,"Custom matcha gift set packaging in a lift-off lid box, with one tin well and one long whisk compartment. Tailor size, wrapping paper and finishes with MTT. Request a quote."
MTT-R0212,https://mttpackaging.com/products/coffee-capsule-selection-drawer,custom coffee capsule Drawer box,Rigid gift boxes,Custom Coffee Capsule Drawer Box | MTT Packaging,"Custom coffee capsule packaging in a drawer box, with twelve round capsule recesses. Tailor size, wrapping paper and finishes with MTT. Request a quote."
MTT-R0213,https://mttpackaging.com/products/chocolate-bar-collection-book,custom chocolate bar gift Magnetic book box,Rigid gift boxes,Custom Chocolate Bar Gift Magnetic Book Box | MTT Packaging,"Custom chocolate bar gift packaging in a magnetic book box, with four parallel wrapped-bar compartments. Tailor size, wrapping paper and finishes with MTT. Request a quote."
MTT-R0214,https://mttpackaging.com/products/tea-origin-discovery-double-door,custom tea discovery set Double-door box,Rigid gift boxes,Custom Tea Discovery Set Double-Door Box | MTT Packaging,"Custom tea discovery set packaging in a double-door box, with six small tin recesses. Tailor size, wrapping paper and finishes with MTT. Request a quote."
MTT-R0215,https://mttpackaging.com/products/roaster-reserve-tin-shoulder,custom coffee tin Shoulder-neck box,Rigid gift boxes,Custom Coffee Tin Shoulder-Neck Box | MTT Packaging,"Custom coffee tin packaging in a shoulder-neck box, with one large circular tin cavity. Tailor size, wrapping paper and finishes with MTT. Request a quote."
MTT-R0216,https://mttpackaging.com/products/tea-and-honey-pairing-stacked-drawers,custom tea honey gift set Two-drawer box,Rigid gift boxes,Custom Tea Honey Gift Set Two-Drawer Box | MTT Packaging,"Custom tea honey gift set packaging in a two-drawer box, with two separate container wells per drawer. Tailor size, wrapping paper and finishes with MTT. Request a quote."
MTT-R0217,https://mttpackaging.com/products/winter-cocoa-gift-hexagonal,custom cocoa gift set Hexagonal lift-off box,Rigid gift boxes,Custom Cocoa Gift Set Hexagonal Lift-Off Box | MTT Packaging,"Custom cocoa gift set packaging in a hexagonal lift-off box, with one tin and two sachet compartments. Tailor size, wrapping paper and finishes with MTT. Request a quote."
MTT-R0218,https://mttpackaging.com/products/coffee-drip-bag-wardrobe-stacked-drawers,custom drip coffee bag Two-drawer box,Rigid gift boxes,Custom Drip Coffee Bag Two-Drawer Box | MTT Packaging,"Custom drip coffee bag packaging in a two-drawer box, with two drawers of upright sachet dividers. Tailor size, wrapping paper and finishes with MTT. Request a quote."
MTT-R0219,https://mttpackaging.com/products/celebration-chocolate-round-round,custom celebration chocolate Round lift-off box,Rigid gift boxes,Custom Celebration Chocolate Round Lift-Off Box | MTT Packaging,"Custom celebration chocolate packaging in a round lift-off box, with radial compartments for wrapped sweets. Tailor size, wrapping paper and finishes with MTT. Request a quote."
MTT-R0220,https://mttpackaging.com/products/festive-tea-tower-tiered,custom festive tea gift Two-tier lift-off box,Rigid gift boxes,Custom Festive Tea Gift Two-Tier Lift-Off Box | MTT Packaging,"Custom festive tea gift packaging in a two-tier lift-off box, with two removable trays with three wells each. Tailor size, wrapping paper and finishes with MTT. Request a quote."
MTT-R0301,https://mttpackaging.com/products/daily-supplement-duo-lift-off,custom supplement bottle set Lift-off lid,Rigid gift boxes,Custom Supplement Bottle Set Lift-Off Lid Box | MTT Packaging,"Custom supplement bottle set packaging in a lift-off lid box, with two sealed-bottle wells. Tailor size, wrapping paper and finishes with MTT. Request a quote."
MTT-R0302,https://mttpackaging.com/products/wellness-sachet-programme-drawer,custom wellness sachet Drawer box,Rigid gift boxes,Custom Wellness Sachet Drawer Box | MTT Packaging,"Custom wellness sachet packaging in a drawer box, with seven divided sachet compartments. Tailor size, wrapping paper and finishes with MTT. Request a quote."
MTT-R0303,https://mttpackaging.com/products/collagen-routine-set-book,custom collagen gift set Magnetic book box,Rigid gift boxes,Custom Collagen Gift Set Box | Matte & Spot UV,"Custom collagen set packaging with a tub well and sachet compartment. Review magnetic opening, matte wrap, selective gloss UV and the packed sample."
MTT-R0304,https://mttpackaging.com/products/vitamin-discovery-set-double-door,custom vitamin gift set Double-door box,Rigid gift boxes,Custom Vitamin Gift Set Double-Door Box | MTT Packaging,"Custom vitamin gift set packaging in a double-door box, with four separate sealed-bottle wells. Tailor size, wrapping paper and finishes with MTT. Request a quote."
MTT-R0305,https://mttpackaging.com/products/nutrition-powder-presentation-shoulder,custom nutrition powder Shoulder-neck box,Rigid gift boxes,Custom Nutrition Powder Shoulder-Neck Box | MTT Packaging,"Custom nutrition powder packaging in a shoulder-neck box, with one large tub recess. Tailor size, wrapping paper and finishes with MTT. Request a quote."
MTT-R0306,https://mttpackaging.com/products/morning-evening-routine-stacked-drawers,custom daily supplement set Two-drawer box,Rigid gift boxes,Custom Daily Supplement Set Two-Drawer Box | MTT Packaging,"Custom daily supplement set packaging in a two-drawer box, with two drawers each holding three bottles. Tailor size, wrapping paper and finishes with MTT. Request a quote."
MTT-R0307,https://mttpackaging.com/products/herbal-wellness-collection-hexagonal,custom herbal wellness gift Hexagonal lift-off box,Rigid gift boxes,Custom Herbal Wellness Gift Hexagonal Lift-Off Box | MTT Packaging,"Custom herbal wellness gift packaging in a hexagonal lift-off box, with three container wells. Tailor size, wrapping paper and finishes with MTT. Request a quote."
MTT-R0308,https://mttpackaging.com/products/travel-wellness-organiser-stacked-drawers,custom travel wellness sachet Two-drawer box,Rigid gift boxes,Custom Travel Wellness Sachet Two-Drawer Box | MTT Packaging,"Custom travel wellness sachet packaging in a two-drawer box, with two shallow sachet drawers. Tailor size, wrapping paper and finishes with MTT. Request a quote."
MTT-R0309,https://mttpackaging.com/products/single-jar-wellness-gift-round,custom wellness jar Round lift-off box,Rigid gift boxes,Custom Wellness Jar Round Lift-Off Box | MTT Packaging,"Custom wellness jar packaging in a round lift-off box, with one round sealed-jar cavity. Tailor size, wrapping paper and finishes with MTT. Request a quote."
MTT-R0310,https://mttpackaging.com/products/complete-wellness-programme-tiered,custom wellness programme kit Two-tier lift-off box,Rigid gift boxes,Custom Wellness Programme Kit Two-Tier Lift-Off Box | MTT Packaging,"Custom wellness programme kit packaging in a two-tier lift-off box, with a bottle tray above a sachet tray. Tailor size, wrapping paper and finishes with MTT. Request a quote."
MTT-R0311,https://mttpackaging.com/products/family-supplement-pairing-lift-off,custom family supplement set Lift-off lid,Rigid gift boxes,Custom Family Supplement Set Lift-Off Lid Box | MTT Packaging,"Custom family supplement set packaging in a lift-off lid box, with two different-size bottle cavities. Tailor size, wrapping paper and finishes with MTT. Request a quote."
MTT-R0312,https://mttpackaging.com/products/mineral-sachet-collection-drawer,custom mineral sachet Drawer box,Rigid gift boxes,Custom Mineral Sachet Drawer Box | MTT Packaging,"Custom mineral sachet packaging in a drawer box, with ten parallel sachet compartments. Tailor size, wrapping paper and finishes with MTT. Request a quote."
MTT-R0313,https://mttpackaging.com/products/protein-shaker-gift-book,custom protein shaker gift Magnetic book box,Rigid gift boxes,Custom Protein Shaker Gift Magnetic Book Box | MTT Packaging,"Custom protein shaker gift packaging in a magnetic book box, with one tub well and a tall cup well. Tailor size, wrapping paper and finishes with MTT. Request a quote."
MTT-R0314,https://mttpackaging.com/products/wellness-welcome-kit-double-door,custom wellness welcome kit Double-door box,Rigid gift boxes,Custom Wellness Welcome Kit Double-Door Box | MTT Packaging,"Custom wellness welcome kit packaging in a double-door box, with three bottle wells and a card pocket. Tailor size, wrapping paper and finishes with MTT. Request a quote."
MTT-R0315,https://mttpackaging.com/products/botanical-capsule-gift-shoulder,custom botanical capsule Shoulder-neck box,Rigid gift boxes,Custom Botanical Capsule Shoulder-Neck Box | MTT Packaging,"Custom botanical capsule packaging in a shoulder-neck box, with one sealed bottle well. Tailor size, wrapping paper and finishes with MTT. Request a quote."
MTT-R0316,https://mttpackaging.com/products/nutrition-starter-library-stacked-drawers,custom nutrition starter kit Two-drawer box,Rigid gift boxes,Custom Nutrition Starter Kit Two-Drawer Box | MTT Packaging,"Custom nutrition starter kit packaging in a two-drawer box, with four small container wells per drawer. Tailor size, wrapping paper and finishes with MTT. Request a quote."
MTT-R0317,https://mttpackaging.com/products/recovery-routine-collection-hexagonal,custom recovery gift set Hexagonal lift-off box,Rigid gift boxes,Custom Recovery Gift Set Hexagonal Lift-Off Box | MTT Packaging,"Custom recovery gift set packaging in a hexagonal lift-off box, with two container wells and a flat pouch well. Tailor size, wrapping paper and finishes with MTT. Request a quote."
MTT-R0318,https://mttpackaging.com/products/weekly-wellness-refill-stacked-drawers,custom wellness refill sachet Two-drawer box,Rigid gift boxes,Custom Wellness Refill Sachet Two-Drawer Box | MTT Packaging,"Custom wellness refill sachet packaging in a two-drawer box, with two drawers with seven narrow divisions. Tailor size, wrapping paper and finishes with MTT. Request a quote."
MTT-R0319,https://mttpackaging.com/products/premium-supplement-tin-round,custom supplement tin Round lift-off box,Rigid gift boxes,Custom Supplement Tin Round Lift-Off Box | MTT Packaging,"Custom supplement tin packaging in a round lift-off box, with one cylindrical container well. Tailor size, wrapping paper and finishes with MTT. Request a quote."
MTT-R0320,https://mttpackaging.com/products/wellness-gift-layers-tiered,custom wellness gift set Two-tier lift-off box,Rigid gift boxes,Custom Wellness Gift Set Two-Tier Lift-Off Box | MTT Packaging,"Custom wellness gift set packaging in a two-tier lift-off box, with two removable trays for sealed packs. Tailor size, wrapping paper and finishes with MTT. Request a quote."
MTT-R0401,https://mttpackaging.com/products/engagement-ring-keepsake-lift-off,custom engagement ring Lift-off lid,Rigid gift boxes,Custom Ring Keepsake Box | Cloth Wrap & Lift-Off Lid,"Cloth-wrapped ring keepsake packaging with a removable lid and fabric-lined ring slit. Review ring fit, lid clearance and foil on the chosen cloth."
MTT-R0402,https://mttpackaging.com/products/pendant-presentation-drawer,custom pendant Drawer box,Rigid gift boxes,Custom Pendant Drawer Box | MTT Packaging,"Custom pendant packaging in a drawer box, with a necklace pad with two chain notches. Tailor size, wrapping paper and finishes with MTT. Request a quote."
MTT-R0403,https://mttpackaging.com/products/watch-and-strap-collection-book,custom watch strap gift set Magnetic book box,Rigid gift boxes,Custom Watch Strap Gift Set Magnetic Book Box | MTT Packaging,"Custom watch strap gift set packaging in a magnetic book box, with one watch cushion and a long strap slot. Tailor size, wrapping paper and finishes with MTT. Request a quote."
MTT-R0404,https://mttpackaging.com/products/wedding-jewellery-set-double-door,custom wedding jewelry set Double-door box,Rigid gift boxes,Custom Wedding Jewelry Set Double-Door Box | MTT Packaging,"Custom wedding jewelry set packaging in a double-door box, with ring, pendant and earring positions. Tailor size, wrapping paper and finishes with MTT. Request a quote."
MTT-R0405,https://mttpackaging.com/products/statement-cuff-gift-shoulder,custom cuff bracelet Shoulder-neck box,Rigid gift boxes,Custom Cuff Bracelet Shoulder-Neck Box | MTT Packaging,"Custom cuff bracelet packaging in a shoulder-neck box, with one oval fabric-lined cuff well. Tailor size, wrapping paper and finishes with MTT. Request a quote."
MTT-R0406,https://mttpackaging.com/products/collector-watch-drawers-stacked-drawers,custom watch collection Two-drawer box,Rigid gift boxes,Custom Watch Collection Two-Drawer Box | MTT Packaging,"Custom watch collection packaging in a two-drawer box, with two watch cushions per drawer. Tailor size, wrapping paper and finishes with MTT. Request a quote."
MTT-R0407,https://mttpackaging.com/products/gemstone-necklace-gift-hexagonal,custom gemstone necklace Hexagonal lift-off box,Rigid gift boxes,Custom Gemstone Necklace Hexagonal Lift-Off Box | MTT Packaging,"Custom gemstone necklace packaging in a hexagonal lift-off box, with one shaped necklace presentation pad. Tailor size, wrapping paper and finishes with MTT. Request a quote."
MTT-R0408,https://mttpackaging.com/products/earring-collection-library-stacked-drawers,custom earring collection Two-drawer box,Rigid gift boxes,Custom Earring Collection Two-Drawer Box | MTT Packaging,"Custom earring collection packaging in a two-drawer box, with six small lined compartments per drawer. Tailor size, wrapping paper and finishes with MTT. Request a quote."
MTT-R0409,https://mttpackaging.com/products/single-watch-round-case-round,custom single watch Round lift-off box,Rigid gift boxes,Custom Single Watch Round Lift-Off Box | MTT Packaging,"Custom single watch packaging in a round lift-off box, with one centred watch cushion. Tailor size, wrapping paper and finishes with MTT. Request a quote."
MTT-R0410,https://mttpackaging.com/products/jewellery-wardrobe-layers-tiered,custom jewelry collection Two-tier lift-off box,Rigid gift boxes,Custom Jewelry Collection Two-Tier Lift-Off Box | MTT Packaging,"Custom jewelry collection packaging in a two-tier lift-off box, with a ring tray above a necklace tray. Tailor size, wrapping paper and finishes with MTT. Request a quote."
MTT-R0411,https://mttpackaging.com/products/anniversary-ring-pair-lift-off,custom ring pair Lift-off lid,Rigid gift boxes,Custom Ring Pair Lift-Off Lid Box | MTT Packaging,"Custom ring pair packaging in a lift-off lid box, with two fabric-lined ring slits. Tailor size, wrapping paper and finishes with MTT. Request a quote."
MTT-R0412,https://mttpackaging.com/products/bracelet-pull-out-gift-drawer,custom bracelet gift Drawer box,Rigid gift boxes,Custom Bracelet Gift Drawer Box | MTT Packaging,"Custom bracelet gift packaging in a drawer box, with one long bracelet channel. Tailor size, wrapping paper and finishes with MTT. Request a quote."
MTT-R0413,https://mttpackaging.com/products/pearl-necklace-presentation-book,custom pearl necklace Magnetic book box,Rigid gift boxes,Custom Pearl Necklace Magnetic Book Box | MTT Packaging,"Custom pearl necklace packaging in a magnetic book box, with one broad curved necklace pad. Tailor size, wrapping paper and finishes with MTT. Request a quote."
MTT-R0414,https://mttpackaging.com/products/watch-boutique-presentation-double-door,custom watch presentation Double-door box,Rigid gift boxes,Custom Watch Presentation Double-Door Box | MTT Packaging,"Custom watch presentation packaging in a double-door box, with one watch cushion and a card compartment. Tailor size, wrapping paper and finishes with MTT. Request a quote."
MTT-R0415,https://mttpackaging.com/products/brooch-keepsake-shoulder,custom brooch Shoulder-neck box,Rigid gift boxes,Custom Brooch Shoulder-Neck Box | MTT Packaging,"Custom brooch packaging in a shoulder-neck box, with one shallow padded brooch recess. Tailor size, wrapping paper and finishes with MTT. Request a quote."
MTT-R0416,https://mttpackaging.com/products/fine-jewellery-cabinet-stacked-drawers,custom fine jewelry Two-drawer box,Rigid gift boxes,Custom Fine Jewelry Two-Drawer Box | MTT Packaging,"Custom fine jewelry packaging in a two-drawer box, with separate ring and bracelet divisions. Tailor size, wrapping paper and finishes with MTT. Request a quote."
MTT-R0417,https://mttpackaging.com/products/bridal-jewellery-trio-hexagonal,custom bridal jewelry set Hexagonal lift-off box,Rigid gift boxes,Custom Bridal Jewelry Set Hexagonal Lift-Off Box | MTT Packaging,"Custom bridal jewelry set packaging in a hexagonal lift-off box, with three fabric-lined display zones. Tailor size, wrapping paper and finishes with MTT. Request a quote."
MTT-R0418,https://mttpackaging.com/products/cufflink-collector-stacked-drawers,custom cufflink collection Two-drawer box,Rigid gift boxes,Custom Cufflink Collection Two-Drawer Box | MTT Packaging,"Custom cufflink collection packaging in a two-drawer box, with four paired recesses per drawer. Tailor size, wrapping paper and finishes with MTT. Request a quote."
MTT-R0419,https://mttpackaging.com/products/charm-bracelet-round-gift-round,custom charm bracelet Round lift-off box,Rigid gift boxes,Custom Charm Bracelet Round Lift-Off Box | MTT Packaging,"Custom charm bracelet packaging in a round lift-off box, with one circular padded bracelet well. Tailor size, wrapping paper and finishes with MTT. Request a quote."
MTT-R0420,https://mttpackaging.com/products/watch-collectors-set-tiered,custom watch collector set Two-tier lift-off box,Rigid gift boxes,Custom Watch Collector Set Two-Tier Lift-Off Box | MTT Packaging,"Custom watch collector set packaging in a two-tier lift-off box, with two removable trays with watch cushions. Tailor size, wrapping paper and finishes with MTT. Request a quote."
MTT-R0501,https://mttpackaging.com/products/mooncake-quartet-lift-off,custom mooncake gift Lift-off lid,Rigid gift boxes,Custom Mooncake Gift Lift-Off Lid Box | MTT Packaging,"Custom mooncake gift packaging in a lift-off lid box, with four square wrapped-food compartments. Tailor size, wrapping paper and finishes with MTT. Request a quote."
MTT-R0502,https://mttpackaging.com/products/artisan-cookie-assortment-drawer,custom artisan cookie Drawer box,Rigid gift boxes,Custom Artisan Cookie Drawer Box | MTT Packaging,"Custom artisan cookie packaging in a drawer box, with six wrapped-cookie compartments. Tailor size, wrapping paper and finishes with MTT. Request a quote."
MTT-R0503,https://mttpackaging.com/products/festive-pastry-collection-book,custom pastry gift Magnetic book box,Rigid gift boxes,Custom Pastry Gift Magnetic Book Box | MTT Packaging,"Custom pastry gift packaging in a magnetic book box, with nine wrapped-pastry compartments. Tailor size, wrapping paper and finishes with MTT. Request a quote."
MTT-R0504,https://mttpackaging.com/products/gourmet-pantry-gift-double-door,custom gourmet food gift Double-door box,Rigid gift boxes,Custom Gourmet Food Gift Double-Door Box | MTT Packaging,"Custom gourmet food gift packaging in a double-door box, with two sealed-jar wells and a wrapped-food compartment. Tailor size, wrapping paper and finishes with MTT. Request a quote."
MTT-R0505,https://mttpackaging.com/products/fruit-preserve-presentation-shoulder,custom fruit preserve jar Shoulder-neck box,Rigid gift boxes,Custom Fruit Preserve Jar Shoulder-Neck Box | MTT Packaging,"Custom fruit preserve jar packaging in a shoulder-neck box, with one sealed-jar cavity. Tailor size, wrapping paper and finishes with MTT. Request a quote."
MTT-R0506,https://mttpackaging.com/products/biscuit-tasting-drawers-stacked-drawers,custom biscuit gift Two-drawer box,Rigid gift boxes,Custom Biscuit Gift Two-Drawer Box | MTT Packaging,"Custom biscuit gift packaging in a two-drawer box, with four wrapped-food cells per drawer. Tailor size, wrapping paper and finishes with MTT. Request a quote."
MTT-R0507,https://mttpackaging.com/products/festival-sweets-collection-hexagonal,custom festival sweet Hexagonal lift-off box,Rigid gift boxes,Custom Hexagonal Sweets Gift Box | Six Compartments,"Hexagonal rigid gift packaging for individually wrapped sweets, with six compartments, dyed paper and gold foil. Review fit and separate-lid alignment."
MTT-R0508,https://mttpackaging.com/products/pastry-discovery-library-stacked-drawers,custom pastry assortment Two-drawer box,Rigid gift boxes,Custom Pastry Assortment Two-Drawer Box | MTT Packaging,"Custom pastry assortment packaging in a two-drawer box, with three wrapped-pastry cells per drawer. Tailor size, wrapping paper and finishes with MTT. Request a quote."
MTT-R0509,https://mttpackaging.com/products/round-seasonal-cake-gift-round,custom seasonal cake Round lift-off box,Rigid gift boxes,Custom Seasonal Cake Round Lift-Off Box | MTT Packaging,"Custom seasonal cake packaging in a round lift-off box, with one recess for a separately sealed food tray. Tailor size, wrapping paper and finishes with MTT. Request a quote."
MTT-R0510,https://mttpackaging.com/products/holiday-hamper-layers-tiered,custom holiday food hamper Two-tier lift-off box,Rigid gift boxes,Custom Holiday Food Hamper Two-Tier Lift-Off Box | MTT Packaging,"Custom holiday food hamper packaging in a two-tier lift-off box, with two removable wrapped-food trays. Tailor size, wrapping paper and finishes with MTT. Request a quote."
MTT-R0511,https://mttpackaging.com/products/mooncake-and-tea-pairing-lift-off,custom mooncake tea gift Lift-off lid,Rigid gift boxes,Custom Mooncake Tea Gift Lift-Off Lid Box | MTT Packaging,"Custom mooncake tea gift packaging in a lift-off lid box, with two wrapped-food cells and a tin well. Tailor size, wrapping paper and finishes with MTT. Request a quote."
MTT-R0512,https://mttpackaging.com/products/shortbread-pull-out-gift-drawer,custom shortbread gift Drawer box,Rigid gift boxes,Custom Shortbread Gift Drawer Box | MTT Packaging,"Custom shortbread gift packaging in a drawer box, with four wrapped-biscuit divisions. Tailor size, wrapping paper and finishes with MTT. Request a quote."
MTT-R0513,https://mttpackaging.com/products/gourmet-condiment-trio-book,custom condiment gift set Magnetic book box,Rigid gift boxes,Custom Condiment Gift Set Magnetic Book Box | MTT Packaging,"Custom condiment gift set packaging in a magnetic book box, with three sealed-jar wells. Tailor size, wrapping paper and finishes with MTT. Request a quote."
MTT-R0514,https://mttpackaging.com/products/new-year-pastry-gift-double-door,custom new year pastry Double-door box,Rigid gift boxes,Custom New Year Pastry Double-Door Box | MTT Packaging,"Custom new year pastry packaging in a double-door box, with eight wrapped-food compartments. Tailor size, wrapping paper and finishes with MTT. Request a quote."
MTT-R0515,https://mttpackaging.com/products/honey-reserve-gift-shoulder,custom honey jar gift Shoulder-neck box,Rigid gift boxes,Custom Honey Jar Gift Shoulder-Neck Box | MTT Packaging,"Custom honey jar gift packaging in a shoulder-neck box, with one sealed honey-jar well. Tailor size, wrapping paper and finishes with MTT. Request a quote."
MTT-R0516,https://mttpackaging.com/products/celebration-cookie-cabinet-stacked-drawers,custom cookie assortment Two-drawer box,Rigid gift boxes,Custom Cookie Assortment Two-Drawer Box | MTT Packaging,"Custom cookie assortment packaging in a two-drawer box, with six wrapped-cookie cells per drawer. Tailor size, wrapping paper and finishes with MTT. Request a quote."
MTT-R0517,https://mttpackaging.com/products/regional-delicacy-selection-hexagonal,custom regional food gift Hexagonal lift-off box,Rigid gift boxes,Custom Regional Food Gift Hexagonal Lift-Off Box | MTT Packaging,"Custom regional food gift packaging in a hexagonal lift-off box, with four differently sized sealed-pack wells. Tailor size, wrapping paper and finishes with MTT. Request a quote."
MTT-R0518,https://mttpackaging.com/products/festive-sweet-drawers-stacked-drawers,custom festive sweet Two-drawer box,Rigid gift boxes,Custom Festive Sweet Two-Drawer Box | MTT Packaging,"Custom festive sweet packaging in a two-drawer box, with two drawers of wrapped confection compartments. Tailor size, wrapping paper and finishes with MTT. Request a quote."
MTT-R0519,https://mttpackaging.com/products/round-biscuit-tin-gift-round,custom biscuit tin Round lift-off box,Rigid gift boxes,Custom Biscuit Tin Round Lift-Off Box | MTT Packaging,"Custom biscuit tin packaging in a round lift-off box, with one sealed round tin recess. Tailor size, wrapping paper and finishes with MTT. Request a quote."
MTT-R0520,https://mttpackaging.com/products/seasonal-food-collection-tiered,custom seasonal food gift Two-tier lift-off box,Rigid gift boxes,Custom Seasonal Food Gift Two-Tier Lift-Off Box | MTT Packaging,"Custom seasonal food gift packaging in a two-tier lift-off box, with removable trays for individually sealed foods. Tailor size, wrapping paper and finishes with MTT. Request a quote."
MTT-R0601,https://mttpackaging.com/products/executive-notebook-set-lift-off,custom notebook gift set Lift-off lid,Rigid gift boxes,Custom Notebook Gift Set Lift-Off Lid Box | MTT Packaging,"Custom notebook gift set packaging in a lift-off lid box, with a notebook well and one pen channel. Tailor size, wrapping paper and finishes with MTT. Request a quote."
MTT-R0602,https://mttpackaging.com/products/client-welcome-gift-drawer,custom client welcome gift Drawer box,Rigid gift boxes,Custom Client Welcome Gift Drawer Box | MTT Packaging,"Custom client welcome gift packaging in a drawer box, with three rectangular accessory compartments. Tailor size, wrapping paper and finishes with MTT. Request a quote."
MTT-R0603,https://mttpackaging.com/products/desk-essentials-collection-book,custom desk accessory gift Magnetic book box,Rigid gift boxes,Custom Desk Accessory Gift Magnetic Book Box | MTT Packaging,"Custom desk accessory gift packaging in a magnetic book box, with a notebook recess and two accessory wells. Tailor size, wrapping paper and finishes with MTT. Request a quote."
MTT-R0604,https://mttpackaging.com/products/christmas-client-gift-double-door,custom Christmas corporate gift Double-door box,Rigid gift boxes,Custom Christmas Corporate Gift Double-Door Box | MTT Packaging,"Custom Christmas corporate gift packaging in a double-door box, with four equal gift compartments. Tailor size, wrapping paper and finishes with MTT. Request a quote."
MTT-R0605,https://mttpackaging.com/products/commemorative-keepsake-shoulder,custom commemorative gift Shoulder-neck box,Rigid gift boxes,Custom Commemorative Gift Shoulder-Neck Box | MTT Packaging,"Custom commemorative gift packaging in a shoulder-neck box, with one square padded presentation recess. Tailor size, wrapping paper and finishes with MTT. Request a quote."
MTT-R0606,https://mttpackaging.com/products/employee-welcome-drawers-stacked-drawers,custom employee welcome kit Two-drawer box,Rigid gift boxes,Custom Employee Welcome Kit Two-Drawer Box | MTT Packaging,"Custom employee welcome kit packaging in a two-drawer box, with a stationery drawer and an accessory drawer. Tailor size, wrapping paper and finishes with MTT. Request a quote."
MTT-R0607,https://mttpackaging.com/products/event-invitation-suite-hexagonal,custom event invitation Hexagonal lift-off box,Rigid gift boxes,Custom Event Invitation Hexagonal Lift-Off Box | MTT Packaging,"Custom event invitation packaging in a hexagonal lift-off box, with one flat card well and a token recess. Tailor size, wrapping paper and finishes with MTT. Request a quote."
MTT-R0608,https://mttpackaging.com/products/corporate-gift-library-stacked-drawers,custom corporate gift set Two-drawer box,Rigid gift boxes,Custom Corporate Gift Set Two-Drawer Box | MTT Packaging,"Custom corporate gift set packaging in a two-drawer box, with two drawers with three accessory wells. Tailor size, wrapping paper and finishes with MTT. Request a quote."
MTT-R0609,https://mttpackaging.com/products/celebration-candle-gift-round,custom candle gift Round lift-off box,Rigid gift boxes,Custom Candle Gift Round Lift-Off Box | MTT Packaging,"Custom candle gift packaging in a round lift-off box, with one round jar recess. Tailor size, wrapping paper and finishes with MTT. Request a quote."
MTT-R0610,https://mttpackaging.com/products/vip-presentation-layers-tiered,custom VIP gift set Two-tier lift-off box,Rigid gift boxes,Custom Vip Gift Set Two-Tier Lift-Off Box | MTT Packaging,"Custom VIP gift set packaging in a two-tier lift-off box, with two removable mixed-accessory trays. Tailor size, wrapping paper and finishes with MTT. Request a quote."
MTT-R0611,https://mttpackaging.com/products/pen-and-journal-gift-lift-off,custom pen journal gift set Lift-off lid,Rigid gift boxes,Custom Pen Journal Gift Set Lift-Off Lid Box | MTT Packaging,"Custom pen journal gift set packaging in a lift-off lid box, with one flat notebook recess and two pen channels. Tailor size, wrapping paper and finishes with MTT. Request a quote."
MTT-R0612,https://mttpackaging.com/products/conference-welcome-kit-drawer,custom conference welcome kit Drawer box,Rigid gift boxes,Custom Conference Welcome Kit Drawer Box | MTT Packaging,"Custom conference welcome kit packaging in a drawer box, with a badge well and two gift compartments. Tailor size, wrapping paper and finishes with MTT. Request a quote."
MTT-R0613,https://mttpackaging.com/products/silk-scarf-presentation-book,custom silk scarf Magnetic book box,Rigid gift boxes,Custom Silk Scarf Magnetic Book Box | MTT Packaging,"Custom silk scarf packaging in a magnetic book box, with one broad shallow lined compartment. Tailor size, wrapping paper and finishes with MTT. Request a quote."
MTT-R0614,https://mttpackaging.com/products/milestone-anniversary-gift-double-door,custom anniversary gift Double-door box,Rigid gift boxes,Custom Anniversary Gift Double-Door Box | MTT Packaging,"Custom anniversary gift packaging in a double-door box, with one central keepsake recess and two side wells. Tailor size, wrapping paper and finishes with MTT. Request a quote."
MTT-R0615,https://mttpackaging.com/products/boutique-accessory-gift-shoulder,custom boutique accessory Shoulder-neck box,Rigid gift boxes,Custom Boutique Accessory Shoulder-Neck Box | MTT Packaging,"Custom boutique accessory packaging in a shoulder-neck box, with one padded accessory recess. Tailor size, wrapping paper and finishes with MTT. Request a quote."
MTT-R0616,https://mttpackaging.com/products/festive-corporate-cabinet-stacked-drawers,custom festive corporate gift Two-drawer box,Rigid gift boxes,Custom Festive Corporate Gift Two-Drawer Box | MTT Packaging,"Custom festive corporate gift packaging in a two-drawer box, with four compartments in each drawer. Tailor size, wrapping paper and finishes with MTT. Request a quote."
MTT-R0617,https://mttpackaging.com/products/partner-appreciation-set-hexagonal,custom partner appreciation gift Hexagonal lift-off box,Rigid gift boxes,Custom Partner Appreciation Gift Hexagonal Lift-Off Box | MTT Packaging,"Custom partner appreciation gift packaging in a hexagonal lift-off box, with a card pocket and two gift recesses. Tailor size, wrapping paper and finishes with MTT. Request a quote."
MTT-R0618,https://mttpackaging.com/products/brand-launch-collection-stacked-drawers,custom brand launch kit Two-drawer box,Rigid gift boxes,Custom Brand Launch Kit Two-Drawer Box | MTT Packaging,"Custom brand launch kit packaging in a two-drawer box, with two drawers with flat sample divisions. Tailor size, wrapping paper and finishes with MTT. Request a quote."
MTT-R0619,https://mttpackaging.com/products/round-keepsake-presentation-round,custom keepsake gift Round lift-off box,Rigid gift boxes,Custom Keepsake Gift Round Lift-Off Box | MTT Packaging,"Custom keepsake gift packaging in a round lift-off box, with one circular lined presentation well. Tailor size, wrapping paper and finishes with MTT. Request a quote."
MTT-R0620,https://mttpackaging.com/products/premium-onboarding-set-tiered,custom employee onboarding kit Two-tier lift-off box,Rigid gift boxes,Custom Employee Onboarding Kit Two-Tier Lift-Off Box | MTT Packaging,"Custom employee onboarding kit packaging in a two-tier lift-off box, with a stationery tray above an accessory tray. Tailor size, wrapping paper and finishes with MTT. Request a quote."
MTT-R0701,https://mttpackaging.com/products/custom-wine-packaging-set,custom single wine bottle gift box Lift-off lid,Rigid gift boxes,Custom Single wine bottle gift box | MTT Packaging,"Single wine bottle gift box in burgundy and ivory, with shaped fibre bottle insert. A fully removable lid sits separately from the rigid base; no hinge. Customize size and quantities with MTT."
MTT-R0801,https://mttpackaging.com/products/custom-diffuser-packaging-set,custom reed diffuser and sticks gift box Drawer box,Rigid gift boxes,Custom Reed diffuser and sticks gift box | MTT Packaging,"Reed diffuser and sticks gift box in sage and ivory, with separate bottle and reed-stick recesses. The tray slides from its outer sleeve; bottle and sticks have separate positions. Customize size and quantities with MTT."
MTT-R0802,https://mttpackaging.com/products/custom-candle-packaging-set,custom amber candle jar presentation box Shoulder-neck box,Rigid gift boxes,Custom Amber candle jar presentation box | MTT Packaging,"Amber candle jar presentation box in ivory and terracotta, with paperboard insert around candle jar. A separate lid fits over a raised shoulder; it is not hinged. Customize size and quantities with MTT."
MTT-R0901,https://mttpackaging.com/products/custom-christmas-packaging-set,custom christmas corporate gift set Magnetic book box,Rigid gift boxes,Custom Christmas corporate gift set | MTT Packaging,"Christmas corporate gift set in midnight blue and red, with two compartments for wrapped gifts. One cover turns on its rear spine; concealed magnets close the cover. Customize size and quantities with MTT."
MTT-C0101,https://mttpackaging.com/products/custom-carton-packaging-set,custom skincare bottle folding carton Tuck-end carton,Folding cartons,Custom Skincare bottle folding carton | MTT Packaging,"Skincare bottle folding carton in sage and ivory, with folded paperboard bottle support. Thin creased paperboard with a top tuck flap, dust flaps and a glued side seam. Customize size and quantities with MTT."
MTT-E0101,https://mttpackaging.com/products/custom-corrugated-packaging-set,custom kraft product mailer with thank-you card Roll-end mailer,Corrugated packaging,Custom Kraft product mailer with thank-you card | MTT Packaging,"Kraft product mailer with thank-you card in natural kraft and black, with paper insert; protection reviewed with contents. Integrated hinged lid and locking side wings form a corrugated mailer; no magnets. Customize size and quantities with MTT."
MTT-B0101,https://mttpackaging.com/products/custom-bag-packaging-set,custom burgundy ribbon-handle gift bag Ribbon-handle bag,Custom paper bags,Custom Burgundy ribbon-handle gift bag | MTT Packaging,"Burgundy ribbon-handle gift bag in burgundy and gold, with reinforced base and handle attachment. Side gussets and a rectangular reinforced bottom; ribbon handles fixed at the top. Customize size and quantities with MTT."
MTT-R0702,https://mttpackaging.com/products/twin-wine-double-door-gift-box,custom twin wine double-door gift box Double-door rigid box,Rigid gift boxes,Custom Twin wine double-door gift box | MTT Packaging,"Twin wine double-door gift box with two fitted bottle cavities and fine gold geometric foil border. Customize dimensions, artwork and optional accessories with MTT."
MTT-R0803,https://mttpackaging.com/products/hexagonal-diffuser-lift-off-gift-box,custom hexagonal diffuser presentation box Hexagonal lift-off box,Rigid gift boxes,Custom Hexagonal diffuser presentation box | MTT Packaging,"Hexagonal diffuser presentation box with bottle cavity and separate reed channel and copper foil line accents. Customize dimensions, artwork and optional accessories with MTT."
MTT-R0902,https://mttpackaging.com/products/four-drawer-christmas-gift-cabinet,custom four-drawer christmas gift cabinet Four-drawer rigid cabinet,Rigid gift boxes,Custom Four-drawer Christmas gift cabinet | MTT Packaging,"Four-drawer Christmas gift cabinet with removable drawer partitions and gold star foil accents. Customize dimensions, artwork and optional accessories with MTT."
MTT-C0102,https://mttpackaging.com/products/window-bakery-folding-carton,custom window bakery gift carton Window tuck-end carton,Folding cartons,Custom Window bakery gift carton | MTT Packaging,"Window bakery gift carton with folded paper platform and printed border and transparent window patch. Customize dimensions, artwork and optional accessories with MTT."
MTT-E0102,https://mttpackaging.com/products/three-compartment-skincare-mailer,custom three-compartment skincare mailer Divided roll-end mailer,Corrugated packaging,Custom Three-compartment skincare mailer | MTT Packaging,"Three-compartment skincare mailer with three paperboard compartments and blue interior printing. Customize dimensions, artwork and optional accessories with MTT."
MTT-B0102,https://mttpackaging.com/products/single-wine-cotton-handle-paper-bag,custom single wine cotton-handle paper bag Cotton-handle bottle bag,Custom paper bags,Custom Single wine cotton-handle paper bag | MTT Packaging,"Single wine cotton-handle paper bag with reinforced rectangular bottom and folded top and small copper foil grape motif. Customize dimensions, artwork and optional accessories with MTT."
MTT-C0103,https://mttpackaging.com/products/custom-perfume-bottle-tuck,custom perfume bottle Tuck-end carton,Folding cartons,Custom Perfume Bottle Tuck-end carton | MTT Packaging,"Custom perfume bottle packaging with tuck-end carton construction, coated folding boxboard and gloss varnish and vivid colour printing. Tailor size, artwork and quantity with MTT."
MTT-C0104,https://mttpackaging.com/products/custom-skincare-duo-auto-bottom,custom skincare duo Crash-lock bottom carton,Folding cartons,Custom Skincare Crash-Lock Carton | Printed Kraft,"Printed kraft skincare carton with a pre-glued crash-lock base, tuck top and paperboard support. Review bottle sizes, base assembly and print opacity."
MTT-C0105,https://mttpackaging.com/products/custom-tea-sachets-window-tuck,custom tea sachets Window tuck carton,Folding cartons,Custom Tea Sachets Window tuck carton | MTT Packaging,"Custom tea sachets packaging with window tuck carton construction, pearlescent paperboard and pearlescent sheen with silver foil. Tailor size, artwork and quantity with MTT."
MTT-C0106,https://mttpackaging.com/products/custom-coffee-pouches-sleeve-carton,custom coffee pouches Paperboard sleeve and tray,Folding cartons,Custom Coffee Pouches Paperboard sleeve and tray | MTT Packaging,"Custom coffee pouches packaging with paperboard sleeve and tray construction, white paperboard and matte coating with selective gloss uv. Tailor size, artwork and quantity with MTT."
MTT-C0107,https://mttpackaging.com/products/custom-wrapped-chocolates-pillow,custom wrapped chocolates Pillow carton,Folding cartons,Custom Wrapped Chocolates Pillow carton | MTT Packaging,"Custom wrapped chocolates packaging with pillow carton construction, metallic laminated paperboard and opaque colour printing over metallic base. Tailor size, artwork and quantity with MTT."
MTT-C0108,https://mttpackaging.com/products/custom-sealed-supplement-bottle-gable,custom sealed supplement bottle Gable-top carton,Folding cartons,Custom Sealed Supplement Bottle Gable-top carton | MTT Packaging,"Custom sealed supplement bottle packaging with gable-top carton construction, fine-textured paperboard and debossed motif and spot-colour printing. Tailor size, artwork and quantity with MTT."
MTT-C0109,https://mttpackaging.com/products/custom-candle-jar-hex-carton,custom candle jar Hexagonal tuck carton,Folding cartons,Custom Candle Jar Hexagonal tuck carton | MTT Packaging,"Custom candle jar packaging with hexagonal tuck carton construction, coated folding boxboard and gloss varnish and vivid colour printing. Tailor size, artwork and quantity with MTT."
MTT-C0110,https://mttpackaging.com/products/custom-reed-diffuser-tuck,custom reed diffuser Tuck-end carton,Folding cartons,Custom Reed Diffuser Tuck-end carton | MTT Packaging,"Custom reed diffuser packaging with tuck-end carton construction, uncoated kraft paperboard and opaque colour printing. Tailor size, artwork and quantity with MTT."
MTT-C0111,https://mttpackaging.com/products/custom-wrapped-cookies-auto-bottom,custom wrapped cookies Crash-lock bottom carton,Folding cartons,Custom Wrapped Cookies Crash-lock bottom carton | MTT Packaging,"Custom wrapped cookies packaging with crash-lock bottom carton construction, pearlescent paperboard and pearlescent sheen with silver foil. Tailor size, artwork and quantity with MTT."
MTT-C0112,https://mttpackaging.com/products/custom-sealed-macarons-window-tuck,custom sealed macarons Window tuck carton,Folding cartons,Custom Macaron Window Carton | Sealed Product Display,"Window tuck carton for sealed macarons with paperboard support and matte/spot-UV print. Review tray dimensions, window attachment and food-pack scope."
MTT-C0113,https://mttpackaging.com/products/custom-jewelry-pouch-sleeve-carton,custom jewelry pouch Paperboard sleeve and tray,Folding cartons,Custom Jewelry Pouch Paperboard sleeve and tray | MTT Packaging,"Custom jewelry pouch packaging with paperboard sleeve and tray construction, metallic laminated paperboard and opaque colour printing over metallic base. Tailor size, artwork and quantity with MTT."
MTT-C0114,https://mttpackaging.com/products/custom-silk-scarf-pillow,custom silk scarf Pillow carton,Folding cartons,Custom Silk Scarf Pillow carton | MTT Packaging,"Custom silk scarf packaging with pillow carton construction, fine-textured paperboard and debossed motif and spot-colour printing. Tailor size, artwork and quantity with MTT."
MTT-C0115,https://mttpackaging.com/products/custom-soap-bars-gable,custom soap bars Gable-top carton,Folding cartons,Custom Soap Bars Gable-top carton | MTT Packaging,"Custom soap bars packaging with gable-top carton construction, coated folding boxboard and gloss varnish and vivid colour printing. Tailor size, artwork and quantity with MTT."
MTT-C0116,https://mttpackaging.com/products/custom-lipstick-trio-hex-carton,custom lipstick trio Hexagonal tuck carton,Folding cartons,Custom Lipstick Trio Hexagonal tuck carton | MTT Packaging,"Custom lipstick trio packaging with hexagonal tuck carton construction, uncoated kraft paperboard and opaque colour printing. Tailor size, artwork and quantity with MTT."
MTT-C0117,https://mttpackaging.com/products/custom-stationery-set-tuck,custom stationery set Tuck-end carton,Folding cartons,Custom Stationery Set Tuck-end carton | MTT Packaging,"Custom stationery set packaging with tuck-end carton construction, pearlescent paperboard and pearlescent sheen with silver foil. Tailor size, artwork and quantity with MTT."
MTT-C0118,https://mttpackaging.com/products/custom-Christmas-ornaments-auto-bottom,custom Christmas ornaments Crash-lock bottom carton,Folding cartons,Custom Christmas Ornaments Crash-lock bottom carton | MTT Packaging,"Custom Christmas ornaments packaging with crash-lock bottom carton construction, white paperboard and matte coating with selective gloss uv. Tailor size, artwork and quantity with MTT."
MTT-C0119,https://mttpackaging.com/products/custom-wrapped-mooncakes-window-tuck,custom wrapped mooncakes Window tuck carton,Folding cartons,Custom Wrapped Mooncakes Window tuck carton | MTT Packaging,"Custom wrapped mooncakes packaging with window tuck carton construction, metallic laminated paperboard and opaque colour printing over metallic base. Tailor size, artwork and quantity with MTT."
MTT-C0120,https://mttpackaging.com/products/custom-honey-jar-sleeve-carton,custom honey jar Paperboard sleeve and tray,Folding cartons,Custom Honey Jar Paperboard sleeve and tray | MTT Packaging,"Custom honey jar packaging with paperboard sleeve and tray construction, fine-textured paperboard and debossed motif and spot-colour printing. Tailor size, artwork and quantity with MTT."
MTT-C0121,https://mttpackaging.com/products/custom-hand-cream-duo-pillow,custom hand cream duo Pillow carton,Folding cartons,Custom Hand Cream Duo Pillow carton | MTT Packaging,"Custom hand cream duo packaging with pillow carton construction, coated folding boxboard and gloss varnish and vivid colour printing. Tailor size, artwork and quantity with MTT."
MTT-C0122,https://mttpackaging.com/products/custom-socks-gift-gable,custom socks gift Gable-top carton,Folding cartons,Custom Socks Gift Gable-top carton | MTT Packaging,"Custom socks gift packaging with gable-top carton construction, uncoated kraft paperboard and opaque colour printing. Tailor size, artwork and quantity with MTT."
MTT-C0123,https://mttpackaging.com/products/custom-miniature-fragrance-hex-carton,custom miniature fragrance Hexagonal tuck carton,Folding cartons,Custom Miniature Fragrance Hexagonal tuck carton | MTT Packaging,"Custom miniature fragrance packaging with hexagonal tuck carton construction, pearlescent paperboard and pearlescent sheen with silver foil. Tailor size, artwork and quantity with MTT."
MTT-C0124,https://mttpackaging.com/products/custom-sealed-granola-pouch-tuck,custom sealed granola pouch Tuck-end carton,Folding cartons,Custom Sealed Granola Pouch Tuck-end carton | MTT Packaging,"Custom sealed granola pouch packaging with tuck-end carton construction, white paperboard and matte coating with selective gloss uv. Tailor size, artwork and quantity with MTT."
MTT-C0125,https://mttpackaging.com/products/custom-travel-accessories-auto-bottom,custom travel accessories Crash-lock bottom carton,Folding cartons,Custom Travel Accessories Crash-lock bottom carton | MTT Packaging,"Custom travel accessories packaging with crash-lock bottom carton construction, metallic laminated paperboard and opaque colour printing over metallic base. Tailor size, artwork and quantity with MTT."
MTT-C0126,https://mttpackaging.com/products/custom-tumbler-window-tuck,custom tumbler Window tuck carton,Folding cartons,Custom Tumbler Window tuck carton | MTT Packaging,"Custom tumbler packaging with window tuck carton construction, fine-textured paperboard and debossed motif and spot-colour printing. Tailor size, artwork and quantity with MTT."
MTT-C0127,https://mttpackaging.com/products/custom-tea-tin-sleeve-carton,custom tea tin Paperboard sleeve and tray,Folding cartons,Custom Tea Tin Paperboard sleeve and tray | MTT Packaging,"Custom tea tin packaging with paperboard sleeve and tray construction, coated folding boxboard and gloss varnish and vivid colour printing. Tailor size, artwork and quantity with MTT."
MTT-C0128,https://mttpackaging.com/products/custom-festive-confectionery-pillow,custom festive confectionery Pillow carton,Folding cartons,Custom Festive Pillow Carton | Printed Kraft Gift Pack,"Curved pillow carton for wrapped confectionery with opaque printing on kraft. Review usable volume, crescent end closures and optional gift accessories."
MTT-C0129,https://mttpackaging.com/products/custom-beauty-discovery-set-gable,custom beauty discovery set Gable-top carton,Folding cartons,Custom Beauty Discovery Set Gable-top carton | MTT Packaging,"Custom beauty discovery set packaging with gable-top carton construction, pearlescent paperboard and pearlescent sheen with silver foil. Tailor size, artwork and quantity with MTT."
MTT-C0130,https://mttpackaging.com/products/custom-client-welcome-kit-hex-carton,custom client welcome kit Hexagonal tuck carton,Folding cartons,Custom Client Welcome Kit Hexagonal tuck carton | MTT Packaging,"Custom client welcome kit packaging with hexagonal tuck carton construction, white paperboard and matte coating with selective gloss uv. Tailor size, artwork and quantity with MTT."
MTT-E0103,https://mttpackaging.com/products/custom-perfume-bottle-mailer,custom perfume bottle Roll-end mailer,Corrugated packaging,Custom Perfume Corrugated Mailer | Printed Roll-End Box,"Printed corrugated perfume mailer with a rear-hinged lid and fitted paper support. Review bottle retention, closures and the complete transit sample."
MTT-E0104,https://mttpackaging.com/products/custom-skincare-duo-rsc,custom skincare duo Four-flap shipping carton,Corrugated packaging,Custom Skincare Shipping Carton | Four-Flap Corrugated,"Kraft corrugated shipping carton for skincare sets with four top flaps and paper support. Specify packed weight, dividers, sealing and delivery route."
MTT-E0105,https://mttpackaging.com/products/custom-tea-sachets-corr-sleeve,custom tea sachets Corrugated sleeve and tray,Corrugated packaging,Custom Tea Sachets Corrugated sleeve and tray | MTT Packaging,"Custom tea sachets packaging with corrugated sleeve and tray construction, litho-laminated corrugated board and matte lamination on printed liner. Tailor size, artwork and quantity with MTT."
MTT-E0106,https://mttpackaging.com/products/custom-coffee-pouches-divided-mailer,custom coffee pouches Divided roll-end mailer,Corrugated packaging,Custom Coffee Pouches Divided roll-end mailer | MTT Packaging,"Custom coffee pouches packaging with divided roll-end mailer construction, white-lined corrugated board and colour printing with selective gloss. Tailor size, artwork and quantity with MTT."
MTT-E0107,https://mttpackaging.com/products/custom-wrapped-chocolates-mailer,custom wrapped chocolates Roll-end mailer,Corrugated packaging,Custom Wrapped Chocolates Roll-end mailer | MTT Packaging,"Custom wrapped chocolates packaging with roll-end mailer construction, printed kraft-lined corrugated board and opaque bright ink and dark accents. Tailor size, artwork and quantity with MTT."
MTT-E0108,https://mttpackaging.com/products/custom-sealed-supplement-bottle-rsc,custom sealed supplement bottle Four-flap shipping carton,Corrugated packaging,Custom Sealed Supplement Bottle Four-flap shipping carton | MTT Packaging,"Custom sealed supplement bottle packaging with four-flap shipping carton construction, white-lined corrugated board and colour printing and gloss varnish. Tailor size, artwork and quantity with MTT."
MTT-E0109,https://mttpackaging.com/products/custom-candle-jar-corr-sleeve,custom candle jar Corrugated sleeve and tray,Corrugated packaging,Custom Candle Jar Corrugated sleeve and tray | MTT Packaging,"Custom candle jar packaging with corrugated sleeve and tray construction, kraft-lined corrugated board and two-colour printing. Tailor size, artwork and quantity with MTT."
MTT-E0110,https://mttpackaging.com/products/custom-reed-diffuser-divided-mailer,custom reed diffuser Divided roll-end mailer,Corrugated packaging,Custom Reed Diffuser Divided roll-end mailer | MTT Packaging,"Custom reed diffuser packaging with divided roll-end mailer construction, litho-laminated corrugated board and matte lamination on printed liner. Tailor size, artwork and quantity with MTT."
MTT-E0111,https://mttpackaging.com/products/custom-wrapped-cookies-mailer,custom wrapped cookies Roll-end mailer,Corrugated packaging,Custom Wrapped Cookies Roll-end mailer | MTT Packaging,"Custom wrapped cookies packaging with roll-end mailer construction, white-lined corrugated board and colour printing with selective gloss. Tailor size, artwork and quantity with MTT."
MTT-E0112,https://mttpackaging.com/products/custom-sealed-macarons-rsc,custom sealed macarons Four-flap shipping carton,Corrugated packaging,Custom Sealed Macarons Four-flap shipping carton | MTT Packaging,"Custom sealed macarons packaging with four-flap shipping carton construction, printed kraft-lined corrugated board and opaque bright ink and dark accents. Tailor size, artwork and quantity with MTT."
MTT-E0113,https://mttpackaging.com/products/custom-jewelry-pouch-corr-sleeve,custom jewelry pouch Corrugated sleeve and tray,Corrugated packaging,Custom Jewelry Pouch Corrugated sleeve and tray | MTT Packaging,"Custom jewelry pouch packaging with corrugated sleeve and tray construction, white-lined corrugated board and colour printing and gloss varnish. Tailor size, artwork and quantity with MTT."
MTT-E0114,https://mttpackaging.com/products/custom-silk-scarf-divided-mailer,custom silk scarf Divided roll-end mailer,Corrugated packaging,Custom Silk Scarf Divided roll-end mailer | MTT Packaging,"Custom silk scarf packaging with divided roll-end mailer construction, kraft-lined corrugated board and two-colour printing. Tailor size, artwork and quantity with MTT."
MTT-E0115,https://mttpackaging.com/products/custom-soap-bars-mailer,custom soap bars Roll-end mailer,Corrugated packaging,Custom Soap Bars Roll-end mailer | MTT Packaging,"Custom soap bars packaging with roll-end mailer construction, litho-laminated corrugated board and matte lamination on printed liner. Tailor size, artwork and quantity with MTT."
MTT-E0116,https://mttpackaging.com/products/custom-lipstick-trio-rsc,custom lipstick trio Four-flap shipping carton,Corrugated packaging,Custom Lipstick Trio Four-flap shipping carton | MTT Packaging,"Custom lipstick trio packaging with four-flap shipping carton construction, white-lined corrugated board and colour printing with selective gloss. Tailor size, artwork and quantity with MTT."
MTT-E0117,https://mttpackaging.com/products/custom-stationery-set-corr-sleeve,custom stationery set Corrugated sleeve and tray,Corrugated packaging,Custom Stationery Set Corrugated sleeve and tray | MTT Packaging,"Custom stationery set packaging with corrugated sleeve and tray construction, printed kraft-lined corrugated board and opaque bright ink and dark accents. Tailor size, artwork and quantity with MTT."
MTT-E0118,https://mttpackaging.com/products/custom-Christmas-ornaments-divided-mailer,custom Christmas ornaments Divided roll-end mailer,Corrugated packaging,Custom Christmas Ornaments Divided roll-end mailer | MTT Packaging,"Custom Christmas ornaments packaging with divided roll-end mailer construction, white-lined corrugated board and colour printing and gloss varnish. Tailor size, artwork and quantity with MTT."
MTT-E0119,https://mttpackaging.com/products/custom-wrapped-mooncakes-mailer,custom wrapped mooncakes Roll-end mailer,Corrugated packaging,Custom Wrapped Mooncakes Roll-end mailer | MTT Packaging,"Custom wrapped mooncakes packaging with roll-end mailer construction, kraft-lined corrugated board and two-colour printing. Tailor size, artwork and quantity with MTT."
MTT-E0120,https://mttpackaging.com/products/custom-honey-jar-rsc,custom honey jar Four-flap shipping carton,Corrugated packaging,Custom Honey Jar Four-flap shipping carton | MTT Packaging,"Custom honey jar packaging with four-flap shipping carton construction, litho-laminated corrugated board and matte lamination on printed liner. Tailor size, artwork and quantity with MTT."
MTT-E0121,https://mttpackaging.com/products/custom-hand-cream-duo-corr-sleeve,custom hand cream duo Corrugated sleeve and tray,Corrugated packaging,Custom Hand Cream Duo Corrugated sleeve and tray | MTT Packaging,"Custom hand cream duo packaging with corrugated sleeve and tray construction, white-lined corrugated board and colour printing with selective gloss. Tailor size, artwork and quantity with MTT."
MTT-E0122,https://mttpackaging.com/products/custom-socks-gift-divided-mailer,custom socks gift Divided roll-end mailer,Corrugated packaging,Custom Socks Gift Divided roll-end mailer | MTT Packaging,"Custom socks gift packaging with divided roll-end mailer construction, printed kraft-lined corrugated board and opaque bright ink and dark accents. Tailor size, artwork and quantity with MTT."
MTT-E0123,https://mttpackaging.com/products/custom-miniature-fragrance-mailer,custom miniature fragrance Roll-end mailer,Corrugated packaging,Custom Miniature Fragrance Roll-end mailer | MTT Packaging,"Custom miniature fragrance packaging with roll-end mailer construction, white-lined corrugated board and colour printing and gloss varnish. Tailor size, artwork and quantity with MTT."
MTT-E0124,https://mttpackaging.com/products/custom-sealed-granola-pouch-rsc,custom sealed granola pouch Four-flap shipping carton,Corrugated packaging,Custom Sealed Granola Pouch Four-flap shipping carton | MTT Packaging,"Custom sealed granola pouch packaging with four-flap shipping carton construction, kraft-lined corrugated board and two-colour printing. Tailor size, artwork and quantity with MTT."
MTT-E0125,https://mttpackaging.com/products/custom-travel-accessories-corr-sleeve,custom travel accessories Corrugated sleeve and tray,Corrugated packaging,Custom Travel Accessories Corrugated sleeve and tray | MTT Packaging,"Custom travel accessories packaging with corrugated sleeve and tray construction, litho-laminated corrugated board and matte lamination on printed liner. Tailor size, artwork and quantity with MTT."
MTT-E0126,https://mttpackaging.com/products/custom-tumbler-divided-mailer,custom tumbler Divided roll-end mailer,Corrugated packaging,Custom Tumbler Divided roll-end mailer | MTT Packaging,"Custom tumbler packaging with divided roll-end mailer construction, white-lined corrugated board and colour printing with selective gloss. Tailor size, artwork and quantity with MTT."
MTT-E0127,https://mttpackaging.com/products/custom-tea-tin-mailer,custom tea tin Roll-end mailer,Corrugated packaging,Custom Tea Tin Roll-end mailer | MTT Packaging,"Custom tea tin packaging with roll-end mailer construction, printed kraft-lined corrugated board and opaque bright ink and dark accents. Tailor size, artwork and quantity with MTT."
MTT-E0128,https://mttpackaging.com/products/custom-festive-confectionery-rsc,custom festive confectionery Four-flap shipping carton,Corrugated packaging,Custom Festive Confectionery Four-flap shipping carton | MTT Packaging,"Custom festive confectionery packaging with four-flap shipping carton construction, white-lined corrugated board and colour printing and gloss varnish. Tailor size, artwork and quantity with MTT."
MTT-E0129,https://mttpackaging.com/products/custom-beauty-discovery-set-corr-sleeve,custom beauty discovery set Corrugated sleeve and tray,Corrugated packaging,Custom Beauty Discovery Set Corrugated sleeve and tray | MTT Packaging,"Custom beauty discovery set packaging with corrugated sleeve and tray construction, kraft-lined corrugated board and two-colour printing. Tailor size, artwork and quantity with MTT."
MTT-E0130,https://mttpackaging.com/products/custom-client-welcome-kit-divided-mailer,custom client welcome kit Divided roll-end mailer,Corrugated packaging,Custom Client Welcome Kit Divided roll-end mailer | MTT Packaging,"Custom client welcome kit packaging with divided roll-end mailer construction, litho-laminated corrugated board and matte lamination on printed liner. Tailor size, artwork and quantity with MTT."
MTT-B0103,https://mttpackaging.com/products/custom-perfume-bottle-ribbon-bag,custom perfume bottle Ribbon-handle paper bag,Custom paper bags,Custom Perfume Bottle Ribbon-handle paper bag | MTT Packaging,"Custom perfume bottle packaging with ribbon-handle paper bag construction, coated shopping-bag paper and gloss lamination and colour printing. Tailor size, artwork and quantity with MTT."
MTT-B0104,https://mttpackaging.com/products/custom-skincare-duo-cord-bag,custom skincare duo Cord-handle paper bag,Custom paper bags,Custom Skincare Duo Cord-handle paper bag | MTT Packaging,"Custom skincare duo packaging with cord-handle paper bag construction, kraft shopping-bag paper and two-colour printing. Tailor size, artwork and quantity with MTT."
MTT-B0105,https://mttpackaging.com/products/custom-tea-sachets-twisted-bag,custom tea sachets Twisted-paper handle bag,Custom paper bags,Custom Tea Sachets Twisted-paper handle bag | MTT Packaging,"Custom tea sachets packaging with twisted-paper handle bag construction, fine-textured shopping-bag paper and spot-colour printing and foil accent. Tailor size, artwork and quantity with MTT."
MTT-B0106,https://mttpackaging.com/products/custom-coffee-pouches-flat-handle-bag,custom coffee pouches Flat-paper handle bag,Custom paper bags,Custom Coffee Pouches Flat-paper handle bag | MTT Packaging,"Custom coffee pouches packaging with flat-paper handle bag construction, white shopping-bag paper and matte lamination and selective gloss. Tailor size, artwork and quantity with MTT."
MTT-B0107,https://mttpackaging.com/products/custom-wrapped-chocolates-diecut-bag,custom wrapped chocolates Die-cut handle paper bag,Custom paper bags,Custom Wrapped Chocolates Die-cut handle paper bag | MTT Packaging,"Custom wrapped chocolates packaging with die-cut handle paper bag construction, pearlescent shopping-bag paper and pearlescent sheen and colour printing. Tailor size, artwork and quantity with MTT."
MTT-B0108,https://mttpackaging.com/products/custom-sealed-supplement-bottle-ribbon-bag,custom sealed supplement bottle Ribbon-handle paper bag,Custom paper bags,Custom Sealed Supplement Bottle Ribbon-handle paper bag | MTT Packaging,"Custom sealed supplement bottle packaging with ribbon-handle paper bag construction, dyed shopping-bag paper and debossing and small foil motif. Tailor size, artwork and quantity with MTT."
MTT-B0109,https://mttpackaging.com/products/custom-candle-jar-cord-bag,custom candle jar Cord-handle paper bag,Custom paper bags,Custom Candle Jar Cord-handle paper bag | MTT Packaging,"Custom candle jar packaging with cord-handle paper bag construction, coated shopping-bag paper and gloss lamination and colour printing. Tailor size, artwork and quantity with MTT."
MTT-B0110,https://mttpackaging.com/products/custom-reed-diffuser-twisted-bag,custom reed diffuser Twisted-paper handle bag,Custom paper bags,Custom Reed Diffuser Paper Bag | Twisted Handles,"Printed kraft shopping bag for a boxed reed diffuser, with twisted-paper handles and optional tissue. Review bag dimensions, reinforcement and loaded carrying."
MTT-B0111,https://mttpackaging.com/products/custom-wrapped-cookies-flat-handle-bag,custom wrapped cookies Flat-paper handle bag,Custom paper bags,Custom Wrapped Cookies Flat-paper handle bag | MTT Packaging,"Custom wrapped cookies packaging with flat-paper handle bag construction, fine-textured shopping-bag paper and spot-colour printing and foil accent. Tailor size, artwork and quantity with MTT."
MTT-B0112,https://mttpackaging.com/products/custom-sealed-macarons-diecut-bag,custom sealed macarons Die-cut handle paper bag,Custom paper bags,Custom Sealed Macarons Die-cut handle paper bag | MTT Packaging,"Custom sealed macarons packaging with die-cut handle paper bag construction, white shopping-bag paper and matte lamination and selective gloss. Tailor size, artwork and quantity with MTT."
MTT-B0113,https://mttpackaging.com/products/custom-jewelry-pouch-ribbon-bag,custom jewelry pouch Ribbon-handle paper bag,Custom paper bags,Custom Jewelry Pouch Ribbon-handle paper bag | MTT Packaging,"Custom jewelry pouch packaging with ribbon-handle paper bag construction, pearlescent shopping-bag paper and pearlescent sheen and colour printing. Tailor size, artwork and quantity with MTT."
MTT-B0114,https://mttpackaging.com/products/custom-silk-scarf-cord-bag,custom silk scarf Cord-handle paper bag,Custom paper bags,Custom Silk Scarf Cord-handle paper bag | MTT Packaging,"Custom silk scarf packaging with cord-handle paper bag construction, dyed shopping-bag paper and debossing and small foil motif. Tailor size, artwork and quantity with MTT."
MTT-B0115,https://mttpackaging.com/products/custom-soap-bars-twisted-bag,custom soap bars Twisted-paper handle bag,Custom paper bags,Custom Soap Bars Twisted-paper handle bag | MTT Packaging,"Custom soap bars packaging with twisted-paper handle bag construction, coated shopping-bag paper and gloss lamination and colour printing. Tailor size, artwork and quantity with MTT."
MTT-B0116,https://mttpackaging.com/products/custom-lipstick-trio-flat-handle-bag,custom lipstick trio Flat-paper handle bag,Custom paper bags,Custom Lipstick Trio Flat-paper handle bag | MTT Packaging,"Custom lipstick trio packaging with flat-paper handle bag construction, kraft shopping-bag paper and two-colour printing. Tailor size, artwork and quantity with MTT."
MTT-B0117,https://mttpackaging.com/products/custom-stationery-set-diecut-bag,custom stationery set Die-cut handle paper bag,Custom paper bags,Custom Stationery Set Die-cut handle paper bag | MTT Packaging,"Custom stationery set packaging with die-cut handle paper bag construction, fine-textured shopping-bag paper and spot-colour printing and foil accent. Tailor size, artwork and quantity with MTT."
MTT-B0118,https://mttpackaging.com/products/custom-Christmas-ornaments-ribbon-bag,custom Christmas ornaments Ribbon-handle paper bag,Custom paper bags,Custom Christmas Ornaments Ribbon-handle paper bag | MTT Packaging,"Custom Christmas ornaments packaging with ribbon-handle paper bag construction, white shopping-bag paper and matte lamination and selective gloss. Tailor size, artwork and quantity with MTT."
MTT-B0119,https://mttpackaging.com/products/custom-wrapped-mooncakes-cord-bag,custom wrapped mooncakes Cord-handle paper bag,Custom paper bags,Custom Wrapped Mooncakes Cord-handle paper bag | MTT Packaging,"Custom wrapped mooncakes packaging with cord-handle paper bag construction, pearlescent shopping-bag paper and pearlescent sheen and colour printing. Tailor size, artwork and quantity with MTT."
MTT-B0120,https://mttpackaging.com/products/custom-honey-jar-twisted-bag,custom honey jar Twisted-paper handle bag,Custom paper bags,Custom Honey Jar Twisted-paper handle bag | MTT Packaging,"Custom honey jar packaging with twisted-paper handle bag construction, dyed shopping-bag paper and debossing and small foil motif. Tailor size, artwork and quantity with MTT."
MTT-B0121,https://mttpackaging.com/products/custom-hand-cream-duo-flat-handle-bag,custom hand cream duo Flat-paper handle bag,Custom paper bags,Custom Hand Cream Duo Flat-paper handle bag | MTT Packaging,"Custom hand cream duo packaging with flat-paper handle bag construction, coated shopping-bag paper and gloss lamination and colour printing. Tailor size, artwork and quantity with MTT."
MTT-B0122,https://mttpackaging.com/products/custom-socks-gift-diecut-bag,custom socks gift Die-cut handle paper bag,Custom paper bags,Custom Socks Gift Die-cut handle paper bag | MTT Packaging,"Custom socks gift packaging with die-cut handle paper bag construction, kraft shopping-bag paper and two-colour printing. Tailor size, artwork and quantity with MTT."
MTT-B0123,https://mttpackaging.com/products/custom-miniature-fragrance-ribbon-bag,custom miniature fragrance Ribbon-handle paper bag,Custom paper bags,Custom Miniature Fragrance Ribbon-handle paper bag | MTT Packaging,"Custom miniature fragrance packaging with ribbon-handle paper bag construction, fine-textured shopping-bag paper and spot-colour printing and foil accent. Tailor size, artwork and quantity with MTT."
MTT-B0124,https://mttpackaging.com/products/custom-sealed-granola-pouch-cord-bag,custom sealed granola pouch Cord-handle paper bag,Custom paper bags,Custom Sealed Granola Pouch Cord-handle paper bag | MTT Packaging,"Custom sealed granola pouch packaging with cord-handle paper bag construction, white shopping-bag paper and matte lamination and selective gloss. Tailor size, artwork and quantity with MTT."
MTT-B0125,https://mttpackaging.com/products/custom-travel-accessories-twisted-bag,custom travel accessories Twisted-paper handle bag,Custom paper bags,Custom Travel Accessories Twisted-paper handle bag | MTT Packaging,"Custom travel accessories packaging with twisted-paper handle bag construction, pearlescent shopping-bag paper and pearlescent sheen and colour printing. Tailor size, artwork and quantity with MTT."
MTT-B0126,https://mttpackaging.com/products/custom-tumbler-flat-handle-bag,custom tumbler Flat-paper handle bag,Custom paper bags,Custom Tumbler Flat-paper handle bag | MTT Packaging,"Custom tumbler packaging with flat-paper handle bag construction, dyed shopping-bag paper and debossing and small foil motif. Tailor size, artwork and quantity with MTT."
MTT-B0127,https://mttpackaging.com/products/custom-tea-tin-diecut-bag,custom tea tin Die-cut handle paper bag,Custom paper bags,Custom Tea Tin Die-cut handle paper bag | MTT Packaging,"Custom tea tin packaging with die-cut handle paper bag construction, coated shopping-bag paper and gloss lamination and colour printing. Tailor size, artwork and quantity with MTT."
MTT-B0128,https://mttpackaging.com/products/custom-festive-confectionery-ribbon-bag,custom festive confectionery Ribbon-handle paper bag,Custom paper bags,Custom Festive Confectionery Ribbon-handle paper bag | MTT Packaging,"Custom festive confectionery packaging with ribbon-handle paper bag construction, kraft shopping-bag paper and two-colour printing. Tailor size, artwork and quantity with MTT."
MTT-B0129,https://mttpackaging.com/products/custom-beauty-discovery-set-cord-bag,custom beauty discovery set Cord-handle paper bag,Custom paper bags,Custom Beauty Discovery Set Cord-handle paper bag | MTT Packaging,"Custom beauty discovery set packaging with cord-handle paper bag construction, fine-textured shopping-bag paper and spot-colour printing and foil accent. Tailor size, artwork and quantity with MTT."
MTT-B0130,https://mttpackaging.com/products/custom-client-welcome-kit-twisted-bag,custom client welcome kit Twisted-paper handle bag,Custom paper bags,Custom Client Welcome Kit Twisted-paper handle bag | MTT Packaging,"Custom client welcome kit packaging with twisted-paper handle bag construction, white shopping-bag paper and matte lamination and selective gloss. Tailor size, artwork and quantity with MTT."
